-- phpMyAdmin SQL Dump
-- version 5.2.0
-- https://www.phpmyadmin.net/
--
-- Hôte : localhost
-- Généré le : dim. 26 juin 2022 à 13:13
-- Version du serveur : 8.0.29-0ubuntu0.22.04.2
-- Version de PHP : 8.1.6

SET SQL_MODE = "NO_AUTO_VALUE_ON_ZERO";
START TRANSACTION;
SET time_zone = "+00:00";


/*!40101 SET @OLD_CHARACTER_SET_CLIENT=@@CHARACTER_SET_CLIENT */;
/*!40101 SET @OLD_CHARACTER_SET_RESULTS=@@CHARACTER_SET_RESULTS */;
/*!40101 SET @OLD_COLLATION_CONNECTION=@@COLLATION_CONNECTION */;
/*!40101 SET NAMES utf8mb4 */;

--
-- Base de données : `action_culottee`
--

-- --------------------------------------------------------

--
-- Structure de la table `doctrine_migration_versions`
--

CREATE TABLE `doctrine_migration_versions` (
  `version` varchar(191) COLLATE utf8_unicode_ci NOT NULL,
  `executed_at` datetime DEFAULT NULL,
  `execution_time` int DEFAULT NULL
) ENGINE=InnoDB DEFAULT CHARSET=utf8mb3 COLLATE=utf8_unicode_ci;

--
-- Déchargement des données de la table `doctrine_migration_versions`
--

INSERT INTO `doctrine_migration_versions` (`version`, `executed_at`, `execution_time`) VALUES
('DoctrineMigrations\\Version20220626084518', '2022-06-26 10:45:33', 206);

-- --------------------------------------------------------

--
-- Structure de la table `dynamic_content`
--

CREATE TABLE `dynamic_content` (
  `id` int NOT NULL,
  `name` varchar(50) CHARACTER SET utf8mb4 COLLATE utf8mb4_unicode_ci NOT NULL,
  `content` longtext CHARACTER SET utf8mb4 COLLATE utf8mb4_unicode_ci
) ENGINE=InnoDB DEFAULT CHARSET=utf8mb4 COLLATE=utf8mb4_unicode_ci;

--
-- Déchargement des données de la table `dynamic_content`
--

INSERT INTO `dynamic_content` (`id`, `name`, `content`) VALUES
(4, 'partnerContent4', 'texte de about4'),
(5, 'partnerContent5', 'texte de about5'),
(9, 'home_main_presentation', '<p>L\'<strong>union</strong> fait la force et les évènements de ces derniers temps nous ont plus que jamais rappelé cet adage. A l\'initiative de Nathalie Paredes, une détaillante indépendante en lingerie, nous avons pu nous regrouper sur les réseaux sociaux et <strong>organiser des actions communes pour défendre, valoriser et promouvoir notre métier et notre savoir-faire.</strong></p>'),
(10, 'about_image1', '<p><img alt=\"\" src=\"http://localhost:8000/images/exemple-accueil.jpg\" style=\"height:62px;width:100px;\" /></p>'),
(11, 'about_image0', '<p><img alt=\"\" src=\"http://localhost:8000/images/map_icon.png\" style=\"height:377px;width:689px;\" /></p>'),
(12, 'about_nb_img', '3'),
(13, 'about_text_presentation', ''),
(14, 'about_image2', '<p><img alt=\"\" src=\"http://localhost:8000/images/map_icon.png\" style=\"height:377px;width:689px;\" /></p>'),
(15, 'about_image3', '<p><img alt=\"\" src=\"http://localhost:8000/images/home_presentation/fb98e7406266ab0af9334eb05d1afdcc.png\" style=\"height:169px;width:298px;\" /></p>'),
(16, 'about_image4', '<p><img alt=\"\" src=\"http://localhost:8000/images/founders/Audrey%20Maris.jpg\" style=\"width:1200px;\" /></p>'),
(17, 'about_img_1', ''),
(18, 'cgu', '<p><span style=\"color:#000000;\"><span style=\"font-family:Arial, Helvetica, sans-serif;\"><span style=\"font-size:20pt;\">ARTICLE 1 : Objet</span></span></span></p>\n\n<p><span style=\"color:#000000;\"><span style=\"font-family:Arial, Helvetica, sans-serif;\"><span style=\"font-size:11pt;\">Les présentes « conditions générales d\'utilisation » ont pour objet l\'encadrement juridique de l’utilisation du site action-culottee.fr et de ses services.</span></span></span></p>\n\n<p><span style=\"color:#000000;\"><span style=\"font-family:Arial, Helvetica, sans-serif;\"><span style=\"font-size:11pt;\">Ce contrat est conclu entre :</span></span></span></p>\n\n<p><span style=\"color:#000000;\"><span style=\"font-family:Arial, Helvetica, sans-serif;\"><span style=\"font-size:11pt;\">Le gérant du site internet, ci-après désigné « l’Éditeur »,</span></span></span></p>\n\n<p><span style=\"color:#000000;\"><span style=\"font-family:Arial, Helvetica, sans-serif;\"><span style=\"font-size:11pt;\">Toute personne physique ou morale souhaitant accéder au site et à ses services, ci-après appelé « l’Utilisateur ».</span></span></span></p>\n\n<p><span style=\"color:#000000;\"><span style=\"font-family:Arial, Helvetica, sans-serif;\"><span style=\"font-size:11pt;\">Les conditions générales d\'utilisation doivent être acceptées par tout Utilisateur, et son accès au site vaut acceptation de ces conditions.</span></span></span></p>\n\n<p> </p>\n\n<p><span style=\"color:#000000;\"><span style=\"font-family:Arial, Helvetica, sans-serif;\"><span style=\"font-size:20pt;\">ARTICLE 2 : Mentions légales</span></span></span></p>\n\n<p><span style=\"color:#000000;\"><span style=\"font-family:Arial, Helvetica, sans-serif;\"><span style=\"font-size:11pt;\"><em>Pour les personnes morales :</em></span></span></span></p>\n\n<p><span style=\"color:#000000;\"><span style=\"font-family:Arial, Helvetica, sans-serif;\"><span style=\"font-size:11pt;\">Le site action-culottee.fr est édité par l\'équipe Team Culottes, Apprenants WebForce3, sans capital propre, dont le siège social est situé au 36 boulevard Schneider 71200 LE CREUSOT.</span></span></span></p>\n\n<p> </p>\n\n<p><span style=\"color:#000000;\"><span style=\"font-family:Arial, Helvetica, sans-serif;\"><span style=\"font-size:20pt;\">ARTICLE 3 : accès aux services</span></span></span></p>\n\n<p> </p>\n\n<p><span style=\"color:#000000;\"><span style=\"font-family:Arial, Helvetica, sans-serif;\"><span style=\"font-size:11pt;\">L’Utilisateur du site action-culottee.fr a accès aux services suivants :</span></span></span></p>\n\n<ul>\n	<li>\n	<p><span style=\"color:#000000;\"><span style=\"font-family:Arial, Helvetica, sans-serif;\"><span style=\"font-size:11pt;\">Inscription</span></span></span></p>\n	</li>\n	<li>\n	<p><span style=\"color:#000000;\"><span style=\"font-family:Arial, Helvetica, sans-serif;\"><span style=\"font-size:11pt;\">Consultation des informations sur l\'association</span></span></span></p>\n	</li>\n	<li>\n	<p><span style=\"color:#000000;\"><span style=\"font-family:Arial, Helvetica, sans-serif;\"><span style=\"font-size:11pt;\">Consultation des évènements à venir de l\'association</span></span></span></p>\n	</li>\n	<li>\n	<p><span style=\"color:#000000;\"><span style=\"font-family:Arial, Helvetica, sans-serif;\"><span style=\"font-size:11pt;\">Utilisation de la carte dynamique</span></span></span></p>\n	</li>\n</ul>\n\n<p><span style=\"color:#000000;\"><span style=\"font-family:Arial, Helvetica, sans-serif;\"><span style=\"font-size:11pt;\">Tout Utilisateur ayant accès a internet peut accéder gratuitement et depuis n’importe où au site. Les frais supportés par l’Utilisateur pour y accéder (connexion internet, matériel informatique, etc.) ne sont pas à la charge de l’Éditeur.</span></span></span></p>\n\n<p><span style=\"color:#000000;\"><span style=\"font-family:Arial, Helvetica, sans-serif;\"><span style=\"font-size:11pt;\">Les services suivants ne sont pas accessible pour l’Utilisateur que s’il est membre du site (c’est-à-dire qu’ile st identifié à l’aide de ses identifiants de connexion) :</span></span></span></p>\n\n<ul>\n	<li>\n	<p><span style=\"color:#000000;\"><span style=\"font-family:Arial, Helvetica, sans-serif;\"><span style=\"font-size:11pt;\">Ajout, édition et suppression de ses informations de compte</span></span></span></p>\n	</li>\n	<li>\n	<p><span style=\"color:#000000;\"><span style=\"font-family:Arial, Helvetica, sans-serif;\"><span style=\"font-size:11pt;\">Ajout, édition et suppression de ses points de vente</span></span></span></p>\n	</li>\n	<li>\n	<p><span style=\"color:#000000;\"><span style=\"font-family:Arial, Helvetica, sans-serif;\"><span style=\"font-size:11pt;\">Consultation des offres des marques partenaires de l\'association</span></span></span></p>\n	</li>\n</ul>\n\n<p><span style=\"color:#000000;\"><span style=\"font-family:Arial, Helvetica, sans-serif;\"><span style=\"font-size:11pt;\">Le site et ses différents services peuvent être interrompus ou suspendus par l’Éditeur, notamment à l’occasion d’une maintenance, sans obligation de préavis ou de justification.</span></span></span></p>\n\n<p> </p>\n\n<p><span style=\"color:#000000;\"><span style=\"font-family:Arial, Helvetica, sans-serif;\"><span style=\"font-size:20pt;\">ARTICLE 4 : Responsabilité de l’Utilisateur</span></span></span></p>\n\n<p><span style=\"color:#000000;\"><span style=\"font-family:Arial, Helvetica, sans-serif;\"><span style=\"font-size:11pt;\">L\'Utilisateur est responsable des risques liés à l’utilisation de son identifiant de connexion et de son mot de passe. </span></span></span></p>\n\n<p><span style=\"color:#000000;\"><span style=\"font-family:Arial, Helvetica, sans-serif;\"><span style=\"font-size:11pt;\">Le mot de passe de l’Utilisateur doit rester secret. En cas de divulgation de mot de passe, l’Éditeur décline toute responsabilité.</span></span></span></p>\n\n<p><span style=\"color:#000000;\"><span style=\"font-family:Arial, Helvetica, sans-serif;\"><span style=\"font-size:11pt;\">L’Utilisateur assume l’entière responsabilité de l’utilisation qu’il fait des informations et contenus présents sur le site action-culottee.fr</span></span></span></p>\n\n<p><span style=\"color:#000000;\"><span style=\"font-family:Arial, Helvetica, sans-serif;\"><span style=\"font-size:11pt;\">Tout usage du service par l\'Utilisateur ayant directement ou indirectement pour conséquence des dommages doit faire l\'objet d\'une indemnisation au profit du site.</span></span></span></p>\n\n<p><span style=\"color:#000000;\"><span style=\"font-family:Arial, Helvetica, sans-serif;\"><span style=\"font-size:11pt;\">Le site permet aux membres de publier sur le site :</span></span></span></p>\n\n<ul>\n	<li>\n	<p><span style=\"color:#000000;\"><span style=\"font-family:Arial, Helvetica, sans-serif;\"><span style=\"font-size:11pt;\">Les informations concernant leurs points de vente</span></span></span></p>\n	</li>\n</ul>\n\n<p><span style=\"color:#000000;\"><span style=\"font-family:Arial, Helvetica, sans-serif;\"><span style=\"font-size:11pt;\">Le membre s’engage à tenir des propos respectueux des autres et de la loi et accepte que ces publications soient modérées ou refusées par l’Éditeur, sans obligation de justification. </span></span></span></p>\n\n<p><span style=\"color:#000000;\"><span style=\"font-family:Arial, Helvetica, sans-serif;\"><span style=\"font-size:11pt;\">En publiant sur le site, l’Utilisateur cède à la société éditrice le droit non exclusif et gratuit de représenter, reproduire, adapter, modifier, diffuser et distribuer sa publication, directement ou par un tiers autorisé.</span></span></span></p>\n\n<p><span style=\"color:#000000;\"><span style=\"font-family:Arial, Helvetica, sans-serif;\"><span style=\"font-size:11pt;\">L’Éditeur s\'engage toutefois à citer le membre en cas d’utilisation de sa publication</span></span></span></p>\n\n<p> </p>\n\n<p><span style=\"color:#000000;\"><span style=\"font-family:Arial, Helvetica, sans-serif;\"><span style=\"font-size:20pt;\">ARTICLE 5 : Responsabilité de l’Éditeur</span></span></span></p>\n\n<p><span style=\"color:#000000;\"><span style=\"font-family:Arial, Helvetica, sans-serif;\"><span style=\"font-size:11pt;\">Tout dysfonctionnement du serveur ou du réseau ne peut engager la responsabilité de l’Éditeur.</span></span></span></p>\n\n<p><span style=\"color:#000000;\"><span style=\"font-family:Arial, Helvetica, sans-serif;\"><span style=\"font-size:11pt;\">De même, la responsabilité du site ne peut être engagée en cas de force majeure ou du fait imprévisible et insurmontable d\'un tiers.</span></span></span></p>\n\n<p><span style=\"color:#000000;\"><span style=\"font-family:Arial, Helvetica, sans-serif;\"><span style=\"font-size:11pt;\">Le site action-culottee.fr s\'engage à mettre en œuvre tous les moyens nécessaires pour garantir la sécurité et la confidentialité des données. Toutefois, il n’apporte pas une garantie de sécurité totale.</span></span></span></p>\n\n<p><span style=\"color:#000000;\"><span style=\"font-family:Arial, Helvetica, sans-serif;\"><span style=\"font-size:11pt;\">L’Éditeur se réserve la faculté d’une non-garantie de la fiabilité des sources, bien que les informations diffusées su le site soient réputées fiables.</span></span></span></p>\n\n<p> </p>\n\n<p><span style=\"color:#000000;\"><span style=\"font-family:Arial, Helvetica, sans-serif;\"><span style=\"font-size:20pt;\">ARTICLE 6 : Propriété intellectuelle</span></span></span></p>\n\n<p><span style=\"color:#000000;\"><span style=\"font-family:Arial, Helvetica, sans-serif;\"><span style=\"font-size:11pt;\">Les contenus du site action-culottee.fr (logos, textes, éléments graphiques, vidéos, etc.) son protégés par le droit d’auteur, en vertu du Code de la propriété intellectuelle.</span></span></span></p>\n\n<p><span style=\"color:#000000;\"><span style=\"font-family:Arial, Helvetica, sans-serif;\"><span style=\"font-size:11pt;\">L’Utilisateur devra obtenir l’autorisation de l’éditeur du site avant toute reproduction, copie ou publication de ces différents contenus.</span></span></span></p>\n\n<p><span style=\"color:#000000;\"><span style=\"font-family:Arial, Helvetica, sans-serif;\"><span style=\"font-size:11pt;\">Ces derniers peuvent être utilisés par les utilisateurs à des fins privées ; tout usage commercial est interdit.</span></span></span></p>\n\n<p><span style=\"color:#000000;\"><span style=\"font-family:Arial, Helvetica, sans-serif;\"><span style=\"font-size:11pt;\">L’Utilisateur est entièrement responsable de tout contenu qu’il met en ligne et il s’engage à ne pas porter atteinte à un tiers</span></span></span></p>\n\n<p><span style=\"color:#000000;\"><span style=\"font-family:Arial, Helvetica, sans-serif;\"><span style=\"font-size:11pt;\">L’Éditeur du site se réserve le droit de modérer ou de supprimer librement et à tout moment les contenus mis en ligne par les utilisateurs, et ce sans justification.</span></span></span></p>\n\n<p><span style=\"color:#000000;\"><span style=\"font-family:Arial, Helvetica, sans-serif;\"><span style=\"font-size:11pt;\">La carte interactive est est la propriété intellectuelle d\'<a href=\"https://www.openstreetmap.org/\">OpenStreetMap</a> et les données qu\'elle propose sont disponibles sous licence </span></span></span><a href=\"https://www.openstreetmap.org/copyright\">OdBL (<em>Open Database License) </em></a></p>\n\n<p> </p>\n\n<p><span style=\"color:#000000;\"><span style=\"font-family:Arial, Helvetica, sans-serif;\"><span style=\"font-size:20pt;\">ARTICLE 7 : Données personnelles</span></span></span></p>\n\n<p><span style=\"color:#000000;\"><span style=\"font-family:Arial, Helvetica, sans-serif;\"><span style=\"font-size:11pt;\">L’Utilisateur doit obligatoirement fournir des informations personnelles pour procéder à son inscription sur le site. </span></span></span></p>\n\n<p><span style=\"color:#000000;\"><span style=\"font-family:Arial, Helvetica, sans-serif;\"><span style=\"font-size:11pt;\">L’adresse électronique (e-mail) de l’utilisateur pourra notamment être utilisée par le site action-culottee.fr pour la communication d’informations diverses et la gestion du compte.</span></span></span></p>\n\n<p><span style=\"color:#000000;\"><span style=\"font-family:Arial, Helvetica, sans-serif;\"><span style=\"font-size:11pt;\">action-culottee.fr garantie le respect de la vie privée de l’utilisateur, conformément à la loi n°78-17 du 6 janvier 1978 relative à l\'informatique, aux fichiers et aux libertés.</span></span></span></p>\n\n<p><span style=\"color:#000000;\"><span style=\"font-family:Arial, Helvetica, sans-serif;\"><span style=\"font-size:11pt;\">Le site est déclaré auprès de la CNIL sous le numéro suivant : 123456.</span></span></span></p>\n\n<p><span style=\"color:#000000;\"><span style=\"font-family:Arial, Helvetica, sans-serif;\"><span style=\"font-size:11pt;\">En vertu des articles 39 et 40 de la loi en date du 6 janvier 1978, l\'Utilisateur dispose d\'un droit d\'accès, de rectification, de suppression et d\'opposition de ses données personnelles. L\'Utilisateur exerce ce droit via :</span></span></span></p>\n\n<ul>\n	<li>\n	<p><span style=\"color:#000000;\"><span style=\"font-family:Arial, Helvetica, sans-serif;\"><span style=\"font-size:11pt;\">Son espace personnel sur le site ;</span></span></span></p>\n	</li>\n	<li>\n	<p><span style=\"color:#000000;\"><span style=\"font-family:Arial, Helvetica, sans-serif;\"><span style=\"font-size:11pt;\">Par mail à admin@gmail.fr;</span></span></span></p>\n	</li>\n	<li>\n	<p><span style=\"color:#000000;\"><span style=\"font-family:Arial, Helvetica, sans-serif;\"><span style=\"font-size:11pt;\">Par voie postale au </span></span></span></p>\n\n	<p>6, Rue Houdon</p>\n\n	<p>75018 Paris Île-de-France, FR</p>\n\n	<p><span style=\"color:#000000;\"><span style=\"font-family:Arial, Helvetica, sans-serif;\"><span style=\"font-size:11pt;\">.</span></span></span></p>\n	</li>\n</ul>\n\n<p><span style=\"color:#000000;\"><span style=\"font-family:Arial, Helvetica, sans-serif;\"><span style=\"font-size:20pt;\">ARTICLE 8 : Liens hypertextes</span></span></span></p>\n\n<p><span style=\"color:#000000;\"><span style=\"font-family:Arial, Helvetica, sans-serif;\"><span style=\"font-size:11pt;\">Les domaines vers lesquels mènent les liens hypertextes présents sur le site n’engagent pas la responsabilité de l’Éditeur de action-culottee.fr, qui n’a pas de contrôle sur ces liens.</span></span></span></p>\n\n<p><span style=\"color:#000000;\"><span style=\"font-family:Arial, Helvetica, sans-serif;\"><span style=\"font-size:11pt;\">Il est possible pour un tiers de créer un lien vers une page du site [votre site] sans autorisation expresse de l’éditeur.</span></span></span></p>\n\n<p> </p>\n\n<p><span style=\"color:#000000;\"><span style=\"font-family:Arial, Helvetica, sans-serif;\"><span style=\"font-size:20pt;\">ARTICLE 9 : Évolution des conditions générales d’utilisation</span></span></span></p>\n\n<p><span style=\"color:#000000;\"><span style=\"font-family:Arial, Helvetica, sans-serif;\"><span style=\"font-size:11pt;\">Le site action-culottee.fr se réserve le droit de modifier les clauses de ces conditions générales d’utilisation à tout moment et sans justification.</span></span></span></p>\n\n<p> </p>\n\n<p><span style=\"color:#000000;\"><span style=\"font-family:Arial, Helvetica, sans-serif;\"><span style=\"font-size:20pt;\">ARTICLE 10 : Durée du contrat</span></span></span></p>\n\n<p><span style=\"color:#000000;\"><span style=\"font-family:Arial, Helvetica, sans-serif;\"><span style=\"font-size:11pt;\">La durée du présent contrat est indéterminée. Le contrat produit ses effets à l\'égard de l\'Utilisateur à compter du début de l’utilisation du service.</span></span></span></p>\n\n<p> </p>\n\n<p><span style=\"color:#000000;\"><span style=\"font-family:Arial, Helvetica, sans-serif;\"><span style=\"font-size:20pt;\">ARTICLE 11 : Droit applicable et juridiction compétente</span></span></span></p>\n\n<p><span style=\"color:#000000;\"><span style=\"font-family:Arial, Helvetica, sans-serif;\"><span style=\"font-size:11pt;\">Le présent contrat dépend de la législation française. </span></span></span></p>\n\n<p><span style=\"color:#000000;\"><span style=\"font-family:Arial, Helvetica, sans-serif;\"><span style=\"font-size:11pt;\">En cas de litige non résolu à l’amiable entre l’Utilisateur et l’Éditeur, les tribunaux de Dijon sont compétents pour régler le contentieux.</span></span></span></p>\n\n<p> </p>'),
(19, 'legal-mentions', '<p>Merci de lire avec attention les différentes modalités d’utilisation du présent site avant d’y parcourir ses pages. En vous connectant sur ce site, vous acceptez sans réserves les présentes modalités. Aussi, conformément à l’article n°6 de la Loi n°2004-575 du 21 Juin 2004 pour la confiance dans l’économie numérique, les responsables du présent site internet <a href=\"http://www.action-culottee.fr\">www.action-culottee.fr</a> sont :</p>\n\n<h4><span style=\"color:#000000;\"><strong>Editeur du Site : </strong></span></h4>\n\n<p>Action Culottee Numéro de SIRET : 021520148 Responsable editorial : Audrey Marie 21 avenue de dijon 21150 Venarey Les Laumes Téléphone :0102030405 - Fax : 0102030405 Email : actionculottee@culotte.fr Site Web : <a href=\"http://www.action-culottee.fr\">www.action-culottee.fr</a></p>\n\n<h4><strong><span style=\"color:#000000;\">Hébergement :</span> </strong></h4>\n\n<p>Hébergeur : heberge2000 55 rue lavoisier 71200 Le Creusot Site Web : <a href=\"http://www.heberge2000.fr\">www.heberge2000.fr</a></p>\n\n<h4><span style=\"color:#000000;\"><strong>Développement</strong><strong> : </strong></span></h4>\n\n<p>La Team Culottes Adresse : 36 boulevard Schneider 71200 Le Creusot Site Web : <a href=\"http://www.passionculottes3d.fr\">www.passionculottes3d.fr</a></p>\n\n<h4><span style=\"color:#000000;\"><strong>Conditions d’utilisation : </strong></span></h4>\n\n<p>Ce site (<a href=\"http://www.action-culottee.fr\">www.action-culottee.fr</a>) est proposé en différents langages web (HTML, HTML5, Javascript, CSS, etc…) pour un meilleur confort d\'utilisation et un graphisme plus agréable, nous vous recommandons de recourir à des navigateurs modernes comme Internet explorer, Safari, Firefox, Google Chrome, etc… Les mentions légales ont été générées sur le site <a href=\"http://www.generateur-de-mentions-legales.com\" title=\"générateur de mentions légales pour site internet gratuit\">Générateur de mentions légales</a>, offert par <a href=\"http://welye.com\" title=\"imprimerie paris, imprimeur paris\">Welye</a>. <span style=\"color:#323333;\">Action Culottee<strong> </strong></span>met en œuvre tous les moyens dont elle dispose, pour assurer une information fiable et une mise à jour fiable de ses sites internet. Toutefois, des erreurs ou omissions peuvent survenir. L\'internaute devra donc s\'assurer de l\'exactitude des informations auprès de , et signaler toutes modifications du site qu\'il jugerait utile. n\'est en aucun cas responsable de l\'utilisation faite de ces informations, et de tout préjudice direct ou indirect pouvant en découler. <strong>Cookies</strong> : Le site <a href=\"http://www.action-culottee.fr\">www.action-culottee.fr</a> peut-être amené à vous demander l’acceptation des cookies pour des besoins de statistiques et d\'affichage. Un cookies est une information déposée sur votre disque dur par le serveur du site que vous visitez. Il contient plusieurs données qui sont stockées sur votre ordinateur dans un simple fichier texte auquel un serveur accède pour lire et enregistrer des informations . Certaines parties de ce site ne peuvent être fonctionnelles sans l’acceptation de cookies. <strong>Liens hypertextes :</strong> Les sites internet de peuvent offrir des liens vers d’autres sites internet ou d’autres ressources disponibles sur Internet. Action Culottee ne dispose d\'aucun moyen pour contrôler les sites en connexion avec ses sites internet. ne répond pas de la disponibilité de tels sites et sources externes, ni ne la garantit. Elle ne peut être tenue pour responsable de tout dommage, de quelque nature que ce soit, résultant du contenu de ces sites ou sources externes, et notamment des informations, produits ou services qu’ils proposent, ou de tout usage qui peut être fait de ces éléments. Les risques liés à cette utilisation incombent pleinement à l\'internaute, qui doit se conformer à leurs conditions d\'utilisation. Les utilisateurs, les abonnés et les visiteurs des sites internet de ne peuvent mettre en place un hyperlien en direction de ce site sans l\'autorisation expresse et préalable de Action Culottee. Dans l\'hypothèse où un utilisateur ou visiteur souhaiterait mettre en place un hyperlien en direction d’un des sites internet de Action Culottee, il lui appartiendra d\'adresser un email accessible sur le site afin de formuler sa demande de mise en place d\'un hyperlien. Action Culottee se réserve le droit d’accepter ou de refuser un hyperlien sans avoir à en justifier sa décision.</p>\n\n<h4><span style=\"color:#000000;\"><strong>Services fournis : </strong></span></h4>\n\n<p>L\'ensemble des activités de la société ainsi que ses informations sont présentés sur notre site <a href=\"http://www.action-culottee.fr\">www.action-culottee.fr</a>.</p>\n\n<p>Action Culottee s’efforce de fournir sur le site www.action-culottee.fr des informations aussi précises que possible. les renseignements figurant sur le site <a href=\"http://www.action-culottee.fr\">www.action-culottee.fr</a> ne sont pas exhaustifs et les photos non contractuelles. Ils sont donnés sous réserve de modifications ayant été apportées depuis leur mise en ligne. Par ailleurs, tous les informations indiquées sur le site www.action-culottee.fr<span style=\"color:#000000;\"><strong> </strong></span>sont données à titre indicatif, et sont susceptibles de changer ou d’évoluer sans préavis.</p>\n\n<h4><span style=\"color:#000000;\"><strong>Limitation contractuelles sur les données : </strong></span></h4>\n\n<p>Les informations contenues sur ce site sont aussi précises que possible et le site remis à jour à différentes périodes de l’année, mais peut toutefois contenir des inexactitudes ou des omissions. Si vous constatez une lacune, erreur ou ce qui parait être un dysfonctionnement, merci de bien vouloir le signaler par email, à l’adresse actionculottee@culotte.fr, en décrivant le problème de la manière la plus précise possible (page posant problème, type d’ordinateur et de navigateur utilisé, …). Tout contenu téléchargé se fait aux risques et périls de l\'utilisateur et sous sa seule responsabilité. En conséquence, ne saurait être tenu responsable d\'un quelconque dommage subi par l\'ordinateur de l\'utilisateur ou d\'une quelconque perte de données consécutives au téléchargement. <span style=\"color:#323333;\">De plus, l’utilisateur du site s’engage à accéder au site en utilisant un matériel récent, ne contenant pas de virus et avec un navigateur de dernière génération mis-à-jour</span> Les liens hypertextes mis en place dans le cadre du présent site internet en direction d\'autres ressources présentes sur le réseau Internet ne sauraient engager la responsabilité de Action Culottee.</p>\n\n<h4><span style=\"color:#000000;\"><strong>Propriété intellectuelle :</strong></span></h4>\n\n<p>Tout le contenu du présent sur le site <a href=\"http://www.action-culottee.fr\">www.action-culottee.fr</a>, incluant, de façon non limitative, les graphismes, images, textes, vidéos, animations, sons, logos, gifs et icônes ainsi que leur mise en forme sont la propriété exclusive de la société à l\'exception des marques, logos ou contenus appartenant à d\'autres sociétés partenaires ou auteurs. Toute reproduction, distribution, modification, adaptation, retransmission ou publication, même partielle, de ces différents éléments est strictement interdite sans l\'accord exprès par écrit de Action Culottee. Cette représentation ou reproduction, par quelque procédé que ce soit, constitue une contrefaçon sanctionnée par les articles L.335-2 et suivants du Code de la propriété intellectuelle. Le non-respect de cette interdiction constitue une contrefaçon pouvant engager la responsabilité civile et pénale du contrefacteur. En outre, les propriétaires des Contenus copiés pourraient intenter une action en justice à votre encontre.</p>\n\n<h4><span style=\"color:#000000;\"><strong>Déclaration à la CNIL : </strong></span></h4>\n\n<p>Conformément à la loi 78-17 du 6 janvier 1978 (modifiée par la loi 2004-801 du 6 août 2004 relative à la protection des personnes physiques à l\'égard des traitements de données à caractère personnel) relative à l\'informatique, aux fichiers et aux libertés, ce site n\'a pas fait l\'objet d\'une déclaration auprès de la Commission nationale de l\'informatique et des libertés (<a href=\"http://www.cnil.fr/\">www.cnil.fr</a>).</p>\n\n<h4><span style=\"color:#000000;\"><strong>Litiges : </strong></span></h4>\n\n<p>Les présentes conditions du site <a href=\"http://www.action-culottee.fr\">www.action-culottee.fr</a> sont régies par les lois françaises et toute contestation ou litiges qui pourraient naître de l\'interprétation ou de l\'exécution de celles-ci seront de la compétence exclusive des tribunaux dont dépend le siège social de la société. La langue de référence, pour le règlement de contentieux éventuels, est le français.</p>\n\n<h4><span style=\"color:#000000;\"><strong>Données personnelles :</strong></span></h4>\n\n<p>De manière générale, vous n’êtes pas tenu de nous communiquer vos données personnelles lorsque vous visitez notre site Internet <a href=\"http://www.action-culottee.fr\">www.action-culottee.fr</a>. Cependant, ce principe comporte certaines exceptions. En effet, pour certains services proposés par notre site, vous pouvez être amenés à nous communiquer certaines données telles que : votre nom, votre fonction, le nom de votre société, votre adresse électronique, et votre numéro de téléphone. Tel est le cas lorsque vous remplissez le formulaire qui vous est proposé en ligne, dans la rubrique « contact ». Dans tous les cas, vous pouvez refuser de fournir vos données personnelles. Dans ce cas, vous ne pourrez pas utiliser les services du site, notamment celui de solliciter des renseignements sur notre société, ou de recevoir les lettres d’information. Enfin, nous pouvons collecter de manière automatique certaines informations vous concernant lors d’une simple navigation sur notre site Internet, notamment : des informations concernant l’utilisation de notre site, comme les zones que vous visitez et les services auxquels vous accédez, votre adresse IP, le type de votre navigateur, vos temps d\'accès. De telles informations sont utilisées exclusivement à des fins de statistiques internes, de manière à améliorer la qualité des services qui vous sont proposés. Les bases de données sont protégées par les dispositions de la loi du 1er juillet 1998 transposant la directive 96/9 du 11 mars 1996 relative à la protection juridique des bases de données.</p>'),
(20, 'home_main_title', '<p>Culottés</p>'),
(21, 'home_missions_presentation', '<p>Accompagner les professionnels indépendants de l’habillement en lingerie en équipement et bien-être de la personne dans leur quotidien.</p>\n\n<p>Faciliter le partage, la réactivité et la communication entre nous pour créer une dynamique de groupe.</p>'),
(22, 'home_actions_img1', '<p><img alt=\"\" src=\"http://localhost:8000/images/castex-panty.jpg\" style=\"height:62px;width:100px;\" /><img alt=\"\" src=\"http://localhost:8000/images/castex-panty.jpg\" style=\"height:895px;\" /></p>'),
(23, 'home_poster_img1', '<p><img alt=\"\" src=\"http://localhost:8000/images/home_presentation/poster.jpg\" style=\"height:320px;width:180px;\" /></p>'),
(24, 'home_poster_img2', '<p><img alt=\"\" src=\"http://localhost:8000/images/home_presentation/poster.jpg\" style=\"height:320px;width:180px;\" /></p>'),
(25, 'home_poster_img3', '<p><img alt=\"\" src=\"http://localhost:8000/images/home_presentation/poster.jpg\" style=\"height:320px;width:180px;\" /></p>'),
(26, 'home_about_presentation_text', '<p>Le bureau officiel est aidé dans ses tâches par d\'autres détaillantes ou groupes de travail qui ont déjà œuvrés pour nos actions en 2021.</p>');

-- --------------------------------------------------------

--
-- Structure de la table `future_event`
--

CREATE TABLE `future_event` (
  `id` int NOT NULL,
  `event_date` datetime NOT NULL,
  `event_description` varchar(300) COLLATE utf8mb4_unicode_ci NOT NULL
) ENGINE=InnoDB DEFAULT CHARSET=utf8mb4 COLLATE=utf8mb4_unicode_ci;

--
-- Déchargement des données de la table `future_event`
--

INSERT INTO `future_event` (`id`, `event_date`, `event_description`) VALUES
(1, '2022-06-29 00:00:00', 'Début de la campagne nationale Sea, Sex and Sun.'),
(2, '2022-07-21 00:00:00', 'Actione Vitrine PLOUF'),
(3, '2022-10-05 00:00:00', 'Journée de rencontre avec les autres associations de lingerie.'),
(4, '2022-11-16 00:00:00', '25e journée de lutte contre les violences faites aux femmes.'),
(5, '2022-12-21 00:00:00', 'Journée mondiale de l\'orgasme. Promos flash.'),
(6, '2022-12-01 00:00:00', 'Journée mondiale de lutte contre le SIDA. Evènements locaux à venir'),
(7, '2023-01-09 00:00:00', 'Début de la campagne avec le thème \"Forêt enneigée\".'),
(8, '2023-03-09 00:00:00', 'Journée lutte droit de la femme. Action avec l\'association Zonta'),
(9, '2023-05-27 00:00:00', 'Action de sensibilisation contre la précarité mentruelle avec offre de matériel adapté aux associations en charge de ce sujet.'),
(10, '2023-01-21 00:00:00', 'Journée internationale du câlin. Offres locales à venir.');

-- --------------------------------------------------------

--
-- Structure de la table `messenger_messages`
--

CREATE TABLE `messenger_messages` (
  `id` bigint NOT NULL,
  `body` longtext COLLATE utf8mb4_unicode_ci NOT NULL,
  `headers` longtext COLLATE utf8mb4_unicode_ci NOT NULL,
  `queue_name` varchar(190) COLLATE utf8mb4_unicode_ci NOT NULL,
  `created_at` datetime NOT NULL,
  `available_at` datetime NOT NULL,
  `delivered_at` datetime DEFAULT NULL
) ENGINE=InnoDB DEFAULT CHARSET=utf8mb4 COLLATE=utf8mb4_unicode_ci;

--
-- Déchargement des données de la table `messenger_messages`
--

INSERT INTO `messenger_messages` (`id`, `body`, `headers`, `queue_name`, `created_at`, `available_at`, `delivered_at`) VALUES
(1, 'O:36:\\\"Symfony\\\\Component\\\\Messenger\\\\Envelope\\\":2:{s:44:\\\"\\0Symfony\\\\Component\\\\Messenger\\\\Envelope\\0stamps\\\";a:1:{s:46:\\\"Symfony\\\\Component\\\\Messenger\\\\Stamp\\\\BusNameStamp\\\";a:1:{i:0;O:46:\\\"Symfony\\\\Component\\\\Messenger\\\\Stamp\\\\BusNameStamp\\\":1:{s:55:\\\"\\0Symfony\\\\Component\\\\Messenger\\\\Stamp\\\\BusNameStamp\\0busName\\\";s:21:\\\"messenger.bus.default\\\";}}}s:45:\\\"\\0Symfony\\\\Component\\\\Messenger\\\\Envelope\\0message\\\";O:51:\\\"Symfony\\\\Component\\\\Mailer\\\\Messenger\\\\SendEmailMessage\\\":2:{s:60:\\\"\\0Symfony\\\\Component\\\\Mailer\\\\Messenger\\\\SendEmailMessage\\0message\\\";O:39:\\\"Symfony\\\\Bridge\\\\Twig\\\\Mime\\\\TemplatedEmail\\\":4:{i:0;s:41:\\\"registration/confirmation_email.html.twig\\\";i:1;N;i:2;a:3:{s:9:\\\"signedUrl\\\";s:171:\\\"http://localhost:8000/verify/email?expires=1656236893&signature=pNnv7URFEgcHEhPusYQJ3xAXYxPyV8Dsz%2F%2FGQmaxAf8%3D&token=Wf9kOM1uNU8raprFjmK7FssHKH0v%2BWb0okDFGvlp%2BzI%3D\\\";s:19:\\\"expiresAtMessageKey\\\";s:26:\\\"%count% hour|%count% hours\\\";s:20:\\\"expiresAtMessageData\\\";a:1:{s:7:\\\"%count%\\\";i:1;}}i:3;a:6:{i:0;N;i:1;N;i:2;N;i:3;N;i:4;a:0:{}i:5;a:2:{i:0;O:37:\\\"Symfony\\\\Component\\\\Mime\\\\Header\\\\Headers\\\":2:{s:46:\\\"\\0Symfony\\\\Component\\\\Mime\\\\Header\\\\Headers\\0headers\\\";a:3:{s:4:\\\"from\\\";a:1:{i:0;O:47:\\\"Symfony\\\\Component\\\\Mime\\\\Header\\\\MailboxListHeader\\\":5:{s:50:\\\"\\0Symfony\\\\Component\\\\Mime\\\\Header\\\\AbstractHeader\\0name\\\";s:4:\\\"From\\\";s:56:\\\"\\0Symfony\\\\Component\\\\Mime\\\\Header\\\\AbstractHeader\\0lineLength\\\";i:76;s:50:\\\"\\0Symfony\\\\Component\\\\Mime\\\\Header\\\\AbstractHeader\\0lang\\\";N;s:53:\\\"\\0Symfony\\\\Component\\\\Mime\\\\Header\\\\AbstractHeader\\0charset\\\";s:5:\\\"utf-8\\\";s:58:\\\"\\0Symfony\\\\Component\\\\Mime\\\\Header\\\\MailboxListHeader\\0addresses\\\";a:1:{i:0;O:30:\\\"Symfony\\\\Component\\\\Mime\\\\Address\\\":2:{s:39:\\\"\\0Symfony\\\\Component\\\\Mime\\\\Address\\0address\\\";s:11:\\\"a@gmail.com\\\";s:36:\\\"\\0Symfony\\\\Component\\\\Mime\\\\Address\\0name\\\";s:16:\\\"Action Culottée\\\";}}}}s:2:\\\"to\\\";a:1:{i:0;O:47:\\\"Symfony\\\\Component\\\\Mime\\\\Header\\\\MailboxListHeader\\\":5:{s:50:\\\"\\0Symfony\\\\Component\\\\Mime\\\\Header\\\\AbstractHeader\\0name\\\";s:2:\\\"To\\\";s:56:\\\"\\0Symfony\\\\Component\\\\Mime\\\\Header\\\\AbstractHeader\\0lineLength\\\";i:76;s:50:\\\"\\0Symfony\\\\Component\\\\Mime\\\\Header\\\\AbstractHeader\\0lang\\\";N;s:53:\\\"\\0Symfony\\\\Component\\\\Mime\\\\Header\\\\AbstractHeader\\0charset\\\";s:5:\\\"utf-8\\\";s:58:\\\"\\0Symfony\\\\Component\\\\Mime\\\\Header\\\\MailboxListHeader\\0addresses\\\";a:1:{i:0;O:30:\\\"Symfony\\\\Component\\\\Mime\\\\Address\\\":2:{s:39:\\\"\\0Symfony\\\\Component\\\\Mime\\\\Address\\0address\\\";s:9:\\\"admin@a.a\\\";s:36:\\\"\\0Symfony\\\\Component\\\\Mime\\\\Address\\0name\\\";s:0:\\\"\\\";}}}}s:7:\\\"subject\\\";a:1:{i:0;O:48:\\\"Symfony\\\\Component\\\\Mime\\\\Header\\\\UnstructuredHeader\\\":5:{s:50:\\\"\\0Symfony\\\\Component\\\\Mime\\\\Header\\\\AbstractHeader\\0name\\\";s:7:\\\"Subject\\\";s:56:\\\"\\0Symfony\\\\Component\\\\Mime\\\\Header\\\\AbstractHeader\\0lineLength\\\";i:76;s:50:\\\"\\0Symfony\\\\Component\\\\Mime\\\\Header\\\\AbstractHeader\\0lang\\\";N;s:53:\\\"\\0Symfony\\\\Component\\\\Mime\\\\Header\\\\AbstractHeader\\0charset\\\";s:5:\\\"utf-8\\\";s:55:\\\"\\0Symfony\\\\Component\\\\Mime\\\\Header\\\\UnstructuredHeader\\0value\\\";s:38:\\\"Merci de confirmer votre adresse email\\\";}}}s:49:\\\"\\0Symfony\\\\Component\\\\Mime\\\\Header\\\\Headers\\0lineLength\\\";i:76;}i:1;N;}}}s:61:\\\"\\0Symfony\\\\Component\\\\Mailer\\\\Messenger\\\\SendEmailMessage\\0envelope\\\";N;}}', '[]', 'default', '2022-06-26 10:48:13', '2022-06-26 10:48:13', NULL),
(2, 'O:36:\\\"Symfony\\\\Component\\\\Messenger\\\\Envelope\\\":2:{s:44:\\\"\\0Symfony\\\\Component\\\\Messenger\\\\Envelope\\0stamps\\\";a:1:{s:46:\\\"Symfony\\\\Component\\\\Messenger\\\\Stamp\\\\BusNameStamp\\\";a:1:{i:0;O:46:\\\"Symfony\\\\Component\\\\Messenger\\\\Stamp\\\\BusNameStamp\\\":1:{s:55:\\\"\\0Symfony\\\\Component\\\\Messenger\\\\Stamp\\\\BusNameStamp\\0busName\\\";s:21:\\\"messenger.bus.default\\\";}}}s:45:\\\"\\0Symfony\\\\Component\\\\Messenger\\\\Envelope\\0message\\\";O:51:\\\"Symfony\\\\Component\\\\Mailer\\\\Messenger\\\\SendEmailMessage\\\":2:{s:60:\\\"\\0Symfony\\\\Component\\\\Mailer\\\\Messenger\\\\SendEmailMessage\\0message\\\";O:39:\\\"Symfony\\\\Bridge\\\\Twig\\\\Mime\\\\TemplatedEmail\\\":4:{i:0;s:41:\\\"registration/confirmation_email.html.twig\\\";i:1;N;i:2;a:3:{s:9:\\\"signedUrl\\\";s:169:\\\"http://localhost:8000/verify/email?expires=1656237090&signature=krBUmLaSP%2FyQAYakCqXikEYxsWvA7a%2BQkdr0043dPvY%3D&token=ioZ2Ky7vgqQaDMozHwTy8Mn65hQgkcUbmbrkUVNS%2BEs%3D\\\";s:19:\\\"expiresAtMessageKey\\\";s:26:\\\"%count% hour|%count% hours\\\";s:20:\\\"expiresAtMessageData\\\";a:1:{s:7:\\\"%count%\\\";i:1;}}i:3;a:6:{i:0;N;i:1;N;i:2;N;i:3;N;i:4;a:0:{}i:5;a:2:{i:0;O:37:\\\"Symfony\\\\Component\\\\Mime\\\\Header\\\\Headers\\\":2:{s:46:\\\"\\0Symfony\\\\Component\\\\Mime\\\\Header\\\\Headers\\0headers\\\";a:3:{s:4:\\\"from\\\";a:1:{i:0;O:47:\\\"Symfony\\\\Component\\\\Mime\\\\Header\\\\MailboxListHeader\\\":5:{s:50:\\\"\\0Symfony\\\\Component\\\\Mime\\\\Header\\\\AbstractHeader\\0name\\\";s:4:\\\"From\\\";s:56:\\\"\\0Symfony\\\\Component\\\\Mime\\\\Header\\\\AbstractHeader\\0lineLength\\\";i:76;s:50:\\\"\\0Symfony\\\\Component\\\\Mime\\\\Header\\\\AbstractHeader\\0lang\\\";N;s:53:\\\"\\0Symfony\\\\Component\\\\Mime\\\\Header\\\\AbstractHeader\\0charset\\\";s:5:\\\"utf-8\\\";s:58:\\\"\\0Symfony\\\\Component\\\\Mime\\\\Header\\\\MailboxListHeader\\0addresses\\\";a:1:{i:0;O:30:\\\"Symfony\\\\Component\\\\Mime\\\\Address\\\":2:{s:39:\\\"\\0Symfony\\\\Component\\\\Mime\\\\Address\\0address\\\";s:11:\\\"a@gmail.com\\\";s:36:\\\"\\0Symfony\\\\Component\\\\Mime\\\\Address\\0name\\\";s:16:\\\"Action Culottée\\\";}}}}s:2:\\\"to\\\";a:1:{i:0;O:47:\\\"Symfony\\\\Component\\\\Mime\\\\Header\\\\MailboxListHeader\\\":5:{s:50:\\\"\\0Symfony\\\\Component\\\\Mime\\\\Header\\\\AbstractHeader\\0name\\\";s:2:\\\"To\\\";s:56:\\\"\\0Symfony\\\\Component\\\\Mime\\\\Header\\\\AbstractHeader\\0lineLength\\\";i:76;s:50:\\\"\\0Symfony\\\\Component\\\\Mime\\\\Header\\\\AbstractHeader\\0lang\\\";N;s:53:\\\"\\0Symfony\\\\Component\\\\Mime\\\\Header\\\\AbstractHeader\\0charset\\\";s:5:\\\"utf-8\\\";s:58:\\\"\\0Symfony\\\\Component\\\\Mime\\\\Header\\\\MailboxListHeader\\0addresses\\\";a:1:{i:0;O:30:\\\"Symfony\\\\Component\\\\Mime\\\\Address\\\":2:{s:39:\\\"\\0Symfony\\\\Component\\\\Mime\\\\Address\\0address\\\";s:23:\\\"contact@lesrituelles.fr\\\";s:36:\\\"\\0Symfony\\\\Component\\\\Mime\\\\Address\\0name\\\";s:0:\\\"\\\";}}}}s:7:\\\"subject\\\";a:1:{i:0;O:48:\\\"Symfony\\\\Component\\\\Mime\\\\Header\\\\UnstructuredHeader\\\":5:{s:50:\\\"\\0Symfony\\\\Component\\\\Mime\\\\Header\\\\AbstractHeader\\0name\\\";s:7:\\\"Subject\\\";s:56:\\\"\\0Symfony\\\\Component\\\\Mime\\\\Header\\\\AbstractHeader\\0lineLength\\\";i:76;s:50:\\\"\\0Symfony\\\\Component\\\\Mime\\\\Header\\\\AbstractHeader\\0lang\\\";N;s:53:\\\"\\0Symfony\\\\Component\\\\Mime\\\\Header\\\\AbstractHeader\\0charset\\\";s:5:\\\"utf-8\\\";s:55:\\\"\\0Symfony\\\\Component\\\\Mime\\\\Header\\\\UnstructuredHeader\\0value\\\";s:38:\\\"Merci de confirmer votre adresse email\\\";}}}s:49:\\\"\\0Symfony\\\\Component\\\\Mime\\\\Header\\\\Headers\\0lineLength\\\";i:76;}i:1;N;}}}s:61:\\\"\\0Symfony\\\\Component\\\\Mailer\\\\Messenger\\\\SendEmailMessage\\0envelope\\\";N;}}', '[]', 'default', '2022-06-26 10:51:30', '2022-06-26 10:51:30', NULL),
(3, 'O:36:\\\"Symfony\\\\Component\\\\Messenger\\\\Envelope\\\":2:{s:44:\\\"\\0Symfony\\\\Component\\\\Messenger\\\\Envelope\\0stamps\\\";a:1:{s:46:\\\"Symfony\\\\Component\\\\Messenger\\\\Stamp\\\\BusNameStamp\\\";a:1:{i:0;O:46:\\\"Symfony\\\\Component\\\\Messenger\\\\Stamp\\\\BusNameStamp\\\":1:{s:55:\\\"\\0Symfony\\\\Component\\\\Messenger\\\\Stamp\\\\BusNameStamp\\0busName\\\";s:21:\\\"messenger.bus.default\\\";}}}s:45:\\\"\\0Symfony\\\\Component\\\\Messenger\\\\Envelope\\0message\\\";O:51:\\\"Symfony\\\\Component\\\\Mailer\\\\Messenger\\\\SendEmailMessage\\\":2:{s:60:\\\"\\0Symfony\\\\Component\\\\Mailer\\\\Messenger\\\\SendEmailMessage\\0message\\\";O:39:\\\"Symfony\\\\Bridge\\\\Twig\\\\Mime\\\\TemplatedEmail\\\":4:{i:0;s:41:\\\"registration/confirmation_email.html.twig\\\";i:1;N;i:2;a:3:{s:9:\\\"signedUrl\\\";s:169:\\\"http://localhost:8000/verify/email?expires=1656237136&signature=L7yK0u8WtFVHRTQsSM%2BK9e7YnNf2pjWMlurCR9E9DLw%3D&token=wKv3kKWPl5ukwl4de29%2BwonGNUT%2BO8AlWY3pSR4EQpE%3D\\\";s:19:\\\"expiresAtMessageKey\\\";s:26:\\\"%count% hour|%count% hours\\\";s:20:\\\"expiresAtMessageData\\\";a:1:{s:7:\\\"%count%\\\";i:1;}}i:3;a:6:{i:0;N;i:1;N;i:2;N;i:3;N;i:4;a:0:{}i:5;a:2:{i:0;O:37:\\\"Symfony\\\\Component\\\\Mime\\\\Header\\\\Headers\\\":2:{s:46:\\\"\\0Symfony\\\\Component\\\\Mime\\\\Header\\\\Headers\\0headers\\\";a:3:{s:4:\\\"from\\\";a:1:{i:0;O:47:\\\"Symfony\\\\Component\\\\Mime\\\\Header\\\\MailboxListHeader\\\":5:{s:50:\\\"\\0Symfony\\\\Component\\\\Mime\\\\Header\\\\AbstractHeader\\0name\\\";s:4:\\\"From\\\";s:56:\\\"\\0Symfony\\\\Component\\\\Mime\\\\Header\\\\AbstractHeader\\0lineLength\\\";i:76;s:50:\\\"\\0Symfony\\\\Component\\\\Mime\\\\Header\\\\AbstractHeader\\0lang\\\";N;s:53:\\\"\\0Symfony\\\\Component\\\\Mime\\\\Header\\\\AbstractHeader\\0charset\\\";s:5:\\\"utf-8\\\";s:58:\\\"\\0Symfony\\\\Component\\\\Mime\\\\Header\\\\MailboxListHeader\\0addresses\\\";a:1:{i:0;O:30:\\\"Symfony\\\\Component\\\\Mime\\\\Address\\\":2:{s:39:\\\"\\0Symfony\\\\Component\\\\Mime\\\\Address\\0address\\\";s:11:\\\"a@gmail.com\\\";s:36:\\\"\\0Symfony\\\\Component\\\\Mime\\\\Address\\0name\\\";s:16:\\\"Action Culottée\\\";}}}}s:2:\\\"to\\\";a:1:{i:0;O:47:\\\"Symfony\\\\Component\\\\Mime\\\\Header\\\\MailboxListHeader\\\":5:{s:50:\\\"\\0Symfony\\\\Component\\\\Mime\\\\Header\\\\AbstractHeader\\0name\\\";s:2:\\\"To\\\";s:56:\\\"\\0Symfony\\\\Component\\\\Mime\\\\Header\\\\AbstractHeader\\0lineLength\\\";i:76;s:50:\\\"\\0Symfony\\\\Component\\\\Mime\\\\Header\\\\AbstractHeader\\0lang\\\";N;s:53:\\\"\\0Symfony\\\\Component\\\\Mime\\\\Header\\\\AbstractHeader\\0charset\\\";s:5:\\\"utf-8\\\";s:58:\\\"\\0Symfony\\\\Component\\\\Mime\\\\Header\\\\MailboxListHeader\\0addresses\\\";a:1:{i:0;O:30:\\\"Symfony\\\\Component\\\\Mime\\\\Address\\\":2:{s:39:\\\"\\0Symfony\\\\Component\\\\Mime\\\\Address\\0address\\\";s:27:\\\"lingeriesylvette@hotmail.fr\\\";s:36:\\\"\\0Symfony\\\\Component\\\\Mime\\\\Address\\0name\\\";s:0:\\\"\\\";}}}}s:7:\\\"subject\\\";a:1:{i:0;O:48:\\\"Symfony\\\\Component\\\\Mime\\\\Header\\\\UnstructuredHeader\\\":5:{s:50:\\\"\\0Symfony\\\\Component\\\\Mime\\\\Header\\\\AbstractHeader\\0name\\\";s:7:\\\"Subject\\\";s:56:\\\"\\0Symfony\\\\Component\\\\Mime\\\\Header\\\\AbstractHeader\\0lineLength\\\";i:76;s:50:\\\"\\0Symfony\\\\Component\\\\Mime\\\\Header\\\\AbstractHeader\\0lang\\\";N;s:53:\\\"\\0Symfony\\\\Component\\\\Mime\\\\Header\\\\AbstractHeader\\0charset\\\";s:5:\\\"utf-8\\\";s:55:\\\"\\0Symfony\\\\Component\\\\Mime\\\\Header\\\\UnstructuredHeader\\0value\\\";s:38:\\\"Merci de confirmer votre adresse email\\\";}}}s:49:\\\"\\0Symfony\\\\Component\\\\Mime\\\\Header\\\\Headers\\0lineLength\\\";i:76;}i:1;N;}}}s:61:\\\"\\0Symfony\\\\Component\\\\Mailer\\\\Messenger\\\\SendEmailMessage\\0envelope\\\";N;}}', '[]', 'default', '2022-06-26 10:52:16', '2022-06-26 10:52:16', NULL),
(4, 'O:36:\\\"Symfony\\\\Component\\\\Messenger\\\\Envelope\\\":2:{s:44:\\\"\\0Symfony\\\\Component\\\\Messenger\\\\Envelope\\0stamps\\\";a:1:{s:46:\\\"Symfony\\\\Component\\\\Messenger\\\\Stamp\\\\BusNameStamp\\\";a:1:{i:0;O:46:\\\"Symfony\\\\Component\\\\Messenger\\\\Stamp\\\\BusNameStamp\\\":1:{s:55:\\\"\\0Symfony\\\\Component\\\\Messenger\\\\Stamp\\\\BusNameStamp\\0busName\\\";s:21:\\\"messenger.bus.default\\\";}}}s:45:\\\"\\0Symfony\\\\Component\\\\Messenger\\\\Envelope\\0message\\\";O:51:\\\"Symfony\\\\Component\\\\Mailer\\\\Messenger\\\\SendEmailMessage\\\":2:{s:60:\\\"\\0Symfony\\\\Component\\\\Mailer\\\\Messenger\\\\SendEmailMessage\\0message\\\";O:39:\\\"Symfony\\\\Bridge\\\\Twig\\\\Mime\\\\TemplatedEmail\\\":4:{i:0;s:41:\\\"registration/confirmation_email.html.twig\\\";i:1;N;i:2;a:3:{s:9:\\\"signedUrl\\\";s:171:\\\"http://localhost:8000/verify/email?expires=1656237191&signature=xqUlGggmDBkG5%2Fw%2B3DQYkt%2FaYtWh6kb3w3Kg0kMSl64%3D&token=U%2FZ19AdMPx79Plw1lmOH2BPQI5GEu1EzOO8Qty5NX9s%3D\\\";s:19:\\\"expiresAtMessageKey\\\";s:26:\\\"%count% hour|%count% hours\\\";s:20:\\\"expiresAtMessageData\\\";a:1:{s:7:\\\"%count%\\\";i:1;}}i:3;a:6:{i:0;N;i:1;N;i:2;N;i:3;N;i:4;a:0:{}i:5;a:2:{i:0;O:37:\\\"Symfony\\\\Component\\\\Mime\\\\Header\\\\Headers\\\":2:{s:46:\\\"\\0Symfony\\\\Component\\\\Mime\\\\Header\\\\Headers\\0headers\\\";a:3:{s:4:\\\"from\\\";a:1:{i:0;O:47:\\\"Symfony\\\\Component\\\\Mime\\\\Header\\\\MailboxListHeader\\\":5:{s:50:\\\"\\0Symfony\\\\Component\\\\Mime\\\\Header\\\\AbstractHeader\\0name\\\";s:4:\\\"From\\\";s:56:\\\"\\0Symfony\\\\Component\\\\Mime\\\\Header\\\\AbstractHeader\\0lineLength\\\";i:76;s:50:\\\"\\0Symfony\\\\Component\\\\Mime\\\\Header\\\\AbstractHeader\\0lang\\\";N;s:53:\\\"\\0Symfony\\\\Component\\\\Mime\\\\Header\\\\AbstractHeader\\0charset\\\";s:5:\\\"utf-8\\\";s:58:\\\"\\0Symfony\\\\Component\\\\Mime\\\\Header\\\\MailboxListHeader\\0addresses\\\";a:1:{i:0;O:30:\\\"Symfony\\\\Component\\\\Mime\\\\Address\\\":2:{s:39:\\\"\\0Symfony\\\\Component\\\\Mime\\\\Address\\0address\\\";s:11:\\\"a@gmail.com\\\";s:36:\\\"\\0Symfony\\\\Component\\\\Mime\\\\Address\\0name\\\";s:16:\\\"Action Culottée\\\";}}}}s:2:\\\"to\\\";a:1:{i:0;O:47:\\\"Symfony\\\\Component\\\\Mime\\\\Header\\\\MailboxListHeader\\\":5:{s:50:\\\"\\0Symfony\\\\Component\\\\Mime\\\\Header\\\\AbstractHeader\\0name\\\";s:2:\\\"To\\\";s:56:\\\"\\0Symfony\\\\Component\\\\Mime\\\\Header\\\\AbstractHeader\\0lineLength\\\";i:76;s:50:\\\"\\0Symfony\\\\Component\\\\Mime\\\\Header\\\\AbstractHeader\\0lang\\\";N;s:53:\\\"\\0Symfony\\\\Component\\\\Mime\\\\Header\\\\AbstractHeader\\0charset\\\";s:5:\\\"utf-8\\\";s:58:\\\"\\0Symfony\\\\Component\\\\Mime\\\\Header\\\\MailboxListHeader\\0addresses\\\";a:1:{i:0;O:30:\\\"Symfony\\\\Component\\\\Mime\\\\Address\\\":2:{s:39:\\\"\\0Symfony\\\\Component\\\\Mime\\\\Address\\0address\\\";s:30:\\\"lingerie.clairdelune@gmail.com\\\";s:36:\\\"\\0Symfony\\\\Component\\\\Mime\\\\Address\\0name\\\";s:0:\\\"\\\";}}}}s:7:\\\"subject\\\";a:1:{i:0;O:48:\\\"Symfony\\\\Component\\\\Mime\\\\Header\\\\UnstructuredHeader\\\":5:{s:50:\\\"\\0Symfony\\\\Component\\\\Mime\\\\Header\\\\AbstractHeader\\0name\\\";s:7:\\\"Subject\\\";s:56:\\\"\\0Symfony\\\\Component\\\\Mime\\\\Header\\\\AbstractHeader\\0lineLength\\\";i:76;s:50:\\\"\\0Symfony\\\\Component\\\\Mime\\\\Header\\\\AbstractHeader\\0lang\\\";N;s:53:\\\"\\0Symfony\\\\Component\\\\Mime\\\\Header\\\\AbstractHeader\\0charset\\\";s:5:\\\"utf-8\\\";s:55:\\\"\\0Symfony\\\\Component\\\\Mime\\\\Header\\\\UnstructuredHeader\\0value\\\";s:38:\\\"Merci de confirmer votre adresse email\\\";}}}s:49:\\\"\\0Symfony\\\\Component\\\\Mime\\\\Header\\\\Headers\\0lineLength\\\";i:76;}i:1;N;}}}s:61:\\\"\\0Symfony\\\\Component\\\\Mailer\\\\Messenger\\\\SendEmailMessage\\0envelope\\\";N;}}', '[]', 'default', '2022-06-26 10:53:11', '2022-06-26 10:53:11', NULL),
(5, 'O:36:\\\"Symfony\\\\Component\\\\Messenger\\\\Envelope\\\":2:{s:44:\\\"\\0Symfony\\\\Component\\\\Messenger\\\\Envelope\\0stamps\\\";a:1:{s:46:\\\"Symfony\\\\Component\\\\Messenger\\\\Stamp\\\\BusNameStamp\\\";a:1:{i:0;O:46:\\\"Symfony\\\\Component\\\\Messenger\\\\Stamp\\\\BusNameStamp\\\":1:{s:55:\\\"\\0Symfony\\\\Component\\\\Messenger\\\\Stamp\\\\BusNameStamp\\0busName\\\";s:21:\\\"messenger.bus.default\\\";}}}s:45:\\\"\\0Symfony\\\\Component\\\\Messenger\\\\Envelope\\0message\\\";O:51:\\\"Symfony\\\\Component\\\\Mailer\\\\Messenger\\\\SendEmailMessage\\\":2:{s:60:\\\"\\0Symfony\\\\Component\\\\Mailer\\\\Messenger\\\\SendEmailMessage\\0message\\\";O:39:\\\"Symfony\\\\Bridge\\\\Twig\\\\Mime\\\\TemplatedEmail\\\":4:{i:0;s:41:\\\"registration/confirmation_email.html.twig\\\";i:1;N;i:2;a:3:{s:9:\\\"signedUrl\\\";s:165:\\\"http://localhost:8000/verify/email?expires=1656237251&signature=FSmKoz4VZ6%2FhC9fh4edBbKuvwuREFYzfPoXrWgF5530%3D&token=JsrZ75PCRqDeczs1BqolAWRxrMWpFM0YobLgBgaDvvM%3D\\\";s:19:\\\"expiresAtMessageKey\\\";s:26:\\\"%count% hour|%count% hours\\\";s:20:\\\"expiresAtMessageData\\\";a:1:{s:7:\\\"%count%\\\";i:1;}}i:3;a:6:{i:0;N;i:1;N;i:2;N;i:3;N;i:4;a:0:{}i:5;a:2:{i:0;O:37:\\\"Symfony\\\\Component\\\\Mime\\\\Header\\\\Headers\\\":2:{s:46:\\\"\\0Symfony\\\\Component\\\\Mime\\\\Header\\\\Headers\\0headers\\\";a:3:{s:4:\\\"from\\\";a:1:{i:0;O:47:\\\"Symfony\\\\Component\\\\Mime\\\\Header\\\\MailboxListHeader\\\":5:{s:50:\\\"\\0Symfony\\\\Component\\\\Mime\\\\Header\\\\AbstractHeader\\0name\\\";s:4:\\\"From\\\";s:56:\\\"\\0Symfony\\\\Component\\\\Mime\\\\Header\\\\AbstractHeader\\0lineLength\\\";i:76;s:50:\\\"\\0Symfony\\\\Component\\\\Mime\\\\Header\\\\AbstractHeader\\0lang\\\";N;s:53:\\\"\\0Symfony\\\\Component\\\\Mime\\\\Header\\\\AbstractHeader\\0charset\\\";s:5:\\\"utf-8\\\";s:58:\\\"\\0Symfony\\\\Component\\\\Mime\\\\Header\\\\MailboxListHeader\\0addresses\\\";a:1:{i:0;O:30:\\\"Symfony\\\\Component\\\\Mime\\\\Address\\\":2:{s:39:\\\"\\0Symfony\\\\Component\\\\Mime\\\\Address\\0address\\\";s:11:\\\"a@gmail.com\\\";s:36:\\\"\\0Symfony\\\\Component\\\\Mime\\\\Address\\0name\\\";s:16:\\\"Action Culottée\\\";}}}}s:2:\\\"to\\\";a:1:{i:0;O:47:\\\"Symfony\\\\Component\\\\Mime\\\\Header\\\\MailboxListHeader\\\":5:{s:50:\\\"\\0Symfony\\\\Component\\\\Mime\\\\Header\\\\AbstractHeader\\0name\\\";s:2:\\\"To\\\";s:56:\\\"\\0Symfony\\\\Component\\\\Mime\\\\Header\\\\AbstractHeader\\0lineLength\\\";i:76;s:50:\\\"\\0Symfony\\\\Component\\\\Mime\\\\Header\\\\AbstractHeader\\0lang\\\";N;s:53:\\\"\\0Symfony\\\\Component\\\\Mime\\\\Header\\\\AbstractHeader\\0charset\\\";s:5:\\\"utf-8\\\";s:58:\\\"\\0Symfony\\\\Component\\\\Mime\\\\Header\\\\MailboxListHeader\\0addresses\\\";a:1:{i:0;O:30:\\\"Symfony\\\\Component\\\\Mime\\\\Address\\\":2:{s:39:\\\"\\0Symfony\\\\Component\\\\Mime\\\\Address\\0address\\\";s:29:\\\"contact@pomponettelingerie.fr\\\";s:36:\\\"\\0Symfony\\\\Component\\\\Mime\\\\Address\\0name\\\";s:0:\\\"\\\";}}}}s:7:\\\"subject\\\";a:1:{i:0;O:48:\\\"Symfony\\\\Component\\\\Mime\\\\Header\\\\UnstructuredHeader\\\":5:{s:50:\\\"\\0Symfony\\\\Component\\\\Mime\\\\Header\\\\AbstractHeader\\0name\\\";s:7:\\\"Subject\\\";s:56:\\\"\\0Symfony\\\\Component\\\\Mime\\\\Header\\\\AbstractHeader\\0lineLength\\\";i:76;s:50:\\\"\\0Symfony\\\\Component\\\\Mime\\\\Header\\\\AbstractHeader\\0lang\\\";N;s:53:\\\"\\0Symfony\\\\Component\\\\Mime\\\\Header\\\\AbstractHeader\\0charset\\\";s:5:\\\"utf-8\\\";s:55:\\\"\\0Symfony\\\\Component\\\\Mime\\\\Header\\\\UnstructuredHeader\\0value\\\";s:38:\\\"Merci de confirmer votre adresse email\\\";}}}s:49:\\\"\\0Symfony\\\\Component\\\\Mime\\\\Header\\\\Headers\\0lineLength\\\";i:76;}i:1;N;}}}s:61:\\\"\\0Symfony\\\\Component\\\\Mailer\\\\Messenger\\\\SendEmailMessage\\0envelope\\\";N;}}', '[]', 'default', '2022-06-26 10:54:11', '2022-06-26 10:54:11', NULL),
(6, 'O:36:\\\"Symfony\\\\Component\\\\Messenger\\\\Envelope\\\":2:{s:44:\\\"\\0Symfony\\\\Component\\\\Messenger\\\\Envelope\\0stamps\\\";a:1:{s:46:\\\"Symfony\\\\Component\\\\Messenger\\\\Stamp\\\\BusNameStamp\\\";a:1:{i:0;O:46:\\\"Symfony\\\\Component\\\\Messenger\\\\Stamp\\\\BusNameStamp\\\":1:{s:55:\\\"\\0Symfony\\\\Component\\\\Messenger\\\\Stamp\\\\BusNameStamp\\0busName\\\";s:21:\\\"messenger.bus.default\\\";}}}s:45:\\\"\\0Symfony\\\\Component\\\\Messenger\\\\Envelope\\0message\\\";O:51:\\\"Symfony\\\\Component\\\\Mailer\\\\Messenger\\\\SendEmailMessage\\\":2:{s:60:\\\"\\0Symfony\\\\Component\\\\Mailer\\\\Messenger\\\\SendEmailMessage\\0message\\\";O:39:\\\"Symfony\\\\Bridge\\\\Twig\\\\Mime\\\\TemplatedEmail\\\":4:{i:0;s:41:\\\"registration/confirmation_email.html.twig\\\";i:1;N;i:2;a:3:{s:9:\\\"signedUrl\\\";s:167:\\\"http://localhost:8000/verify/email?expires=1656237317&signature=e7gkFng4%2FaDfgIIZXJi51P3chgwCLNj42gTr8waP1w0%3D&token=kc%2BQSMxSiahI9xQgOVduzJRm5c4BamapbkzESBoihdE%3D\\\";s:19:\\\"expiresAtMessageKey\\\";s:26:\\\"%count% hour|%count% hours\\\";s:20:\\\"expiresAtMessageData\\\";a:1:{s:7:\\\"%count%\\\";i:1;}}i:3;a:6:{i:0;N;i:1;N;i:2;N;i:3;N;i:4;a:0:{}i:5;a:2:{i:0;O:37:\\\"Symfony\\\\Component\\\\Mime\\\\Header\\\\Headers\\\":2:{s:46:\\\"\\0Symfony\\\\Component\\\\Mime\\\\Header\\\\Headers\\0headers\\\";a:3:{s:4:\\\"from\\\";a:1:{i:0;O:47:\\\"Symfony\\\\Component\\\\Mime\\\\Header\\\\MailboxListHeader\\\":5:{s:50:\\\"\\0Symfony\\\\Component\\\\Mime\\\\Header\\\\AbstractHeader\\0name\\\";s:4:\\\"From\\\";s:56:\\\"\\0Symfony\\\\Component\\\\Mime\\\\Header\\\\AbstractHeader\\0lineLength\\\";i:76;s:50:\\\"\\0Symfony\\\\Component\\\\Mime\\\\Header\\\\AbstractHeader\\0lang\\\";N;s:53:\\\"\\0Symfony\\\\Component\\\\Mime\\\\Header\\\\AbstractHeader\\0charset\\\";s:5:\\\"utf-8\\\";s:58:\\\"\\0Symfony\\\\Component\\\\Mime\\\\Header\\\\MailboxListHeader\\0addresses\\\";a:1:{i:0;O:30:\\\"Symfony\\\\Component\\\\Mime\\\\Address\\\":2:{s:39:\\\"\\0Symfony\\\\Component\\\\Mime\\\\Address\\0address\\\";s:11:\\\"a@gmail.com\\\";s:36:\\\"\\0Symfony\\\\Component\\\\Mime\\\\Address\\0name\\\";s:16:\\\"Action Culottée\\\";}}}}s:2:\\\"to\\\";a:1:{i:0;O:47:\\\"Symfony\\\\Component\\\\Mime\\\\Header\\\\MailboxListHeader\\\":5:{s:50:\\\"\\0Symfony\\\\Component\\\\Mime\\\\Header\\\\AbstractHeader\\0name\\\";s:2:\\\"To\\\";s:56:\\\"\\0Symfony\\\\Component\\\\Mime\\\\Header\\\\AbstractHeader\\0lineLength\\\";i:76;s:50:\\\"\\0Symfony\\\\Component\\\\Mime\\\\Header\\\\AbstractHeader\\0lang\\\";N;s:53:\\\"\\0Symfony\\\\Component\\\\Mime\\\\Header\\\\AbstractHeader\\0charset\\\";s:5:\\\"utf-8\\\";s:58:\\\"\\0Symfony\\\\Component\\\\Mime\\\\Header\\\\MailboxListHeader\\0addresses\\\";a:1:{i:0;O:30:\\\"Symfony\\\\Component\\\\Mime\\\\Address\\\":2:{s:39:\\\"\\0Symfony\\\\Component\\\\Mime\\\\Address\\0address\\\";s:26:\\\"annabelle.piquet@gmail.com\\\";s:36:\\\"\\0Symfony\\\\Component\\\\Mime\\\\Address\\0name\\\";s:0:\\\"\\\";}}}}s:7:\\\"subject\\\";a:1:{i:0;O:48:\\\"Symfony\\\\Component\\\\Mime\\\\Header\\\\UnstructuredHeader\\\":5:{s:50:\\\"\\0Symfony\\\\Component\\\\Mime\\\\Header\\\\AbstractHeader\\0name\\\";s:7:\\\"Subject\\\";s:56:\\\"\\0Symfony\\\\Component\\\\Mime\\\\Header\\\\AbstractHeader\\0lineLength\\\";i:76;s:50:\\\"\\0Symfony\\\\Component\\\\Mime\\\\Header\\\\AbstractHeader\\0lang\\\";N;s:53:\\\"\\0Symfony\\\\Component\\\\Mime\\\\Header\\\\AbstractHeader\\0charset\\\";s:5:\\\"utf-8\\\";s:55:\\\"\\0Symfony\\\\Component\\\\Mime\\\\Header\\\\UnstructuredHeader\\0value\\\";s:38:\\\"Merci de confirmer votre adresse email\\\";}}}s:49:\\\"\\0Symfony\\\\Component\\\\Mime\\\\Header\\\\Headers\\0lineLength\\\";i:76;}i:1;N;}}}s:61:\\\"\\0Symfony\\\\Component\\\\Mailer\\\\Messenger\\\\SendEmailMessage\\0envelope\\\";N;}}', '[]', 'default', '2022-06-26 10:55:17', '2022-06-26 10:55:17', NULL),
(7, 'O:36:\\\"Symfony\\\\Component\\\\Messenger\\\\Envelope\\\":2:{s:44:\\\"\\0Symfony\\\\Component\\\\Messenger\\\\Envelope\\0stamps\\\";a:1:{s:46:\\\"Symfony\\\\Component\\\\Messenger\\\\Stamp\\\\BusNameStamp\\\";a:1:{i:0;O:46:\\\"Symfony\\\\Component\\\\Messenger\\\\Stamp\\\\BusNameStamp\\\":1:{s:55:\\\"\\0Symfony\\\\Component\\\\Messenger\\\\Stamp\\\\BusNameStamp\\0busName\\\";s:21:\\\"messenger.bus.default\\\";}}}s:45:\\\"\\0Symfony\\\\Component\\\\Messenger\\\\Envelope\\0message\\\";O:51:\\\"Symfony\\\\Component\\\\Mailer\\\\Messenger\\\\SendEmailMessage\\\":2:{s:60:\\\"\\0Symfony\\\\Component\\\\Mailer\\\\Messenger\\\\SendEmailMessage\\0message\\\";O:39:\\\"Symfony\\\\Bridge\\\\Twig\\\\Mime\\\\TemplatedEmail\\\":4:{i:0;s:41:\\\"registration/confirmation_email.html.twig\\\";i:1;N;i:2;a:3:{s:9:\\\"signedUrl\\\";s:167:\\\"http://localhost:8000/verify/email?expires=1656237351&signature=aaMTRlw9qEqPNJ8VEmkMKqpughCZdazBA78pbHtrjo8%3D&token=690nQiqDQltHK0uHqxVxn9HlCL1Yj%2BmSYVDH7Mw%2BrDg%3D\\\";s:19:\\\"expiresAtMessageKey\\\";s:26:\\\"%count% hour|%count% hours\\\";s:20:\\\"expiresAtMessageData\\\";a:1:{s:7:\\\"%count%\\\";i:1;}}i:3;a:6:{i:0;N;i:1;N;i:2;N;i:3;N;i:4;a:0:{}i:5;a:2:{i:0;O:37:\\\"Symfony\\\\Component\\\\Mime\\\\Header\\\\Headers\\\":2:{s:46:\\\"\\0Symfony\\\\Component\\\\Mime\\\\Header\\\\Headers\\0headers\\\";a:3:{s:4:\\\"from\\\";a:1:{i:0;O:47:\\\"Symfony\\\\Component\\\\Mime\\\\Header\\\\MailboxListHeader\\\":5:{s:50:\\\"\\0Symfony\\\\Component\\\\Mime\\\\Header\\\\AbstractHeader\\0name\\\";s:4:\\\"From\\\";s:56:\\\"\\0Symfony\\\\Component\\\\Mime\\\\Header\\\\AbstractHeader\\0lineLength\\\";i:76;s:50:\\\"\\0Symfony\\\\Component\\\\Mime\\\\Header\\\\AbstractHeader\\0lang\\\";N;s:53:\\\"\\0Symfony\\\\Component\\\\Mime\\\\Header\\\\AbstractHeader\\0charset\\\";s:5:\\\"utf-8\\\";s:58:\\\"\\0Symfony\\\\Component\\\\Mime\\\\Header\\\\MailboxListHeader\\0addresses\\\";a:1:{i:0;O:30:\\\"Symfony\\\\Component\\\\Mime\\\\Address\\\":2:{s:39:\\\"\\0Symfony\\\\Component\\\\Mime\\\\Address\\0address\\\";s:11:\\\"a@gmail.com\\\";s:36:\\\"\\0Symfony\\\\Component\\\\Mime\\\\Address\\0name\\\";s:16:\\\"Action Culottée\\\";}}}}s:2:\\\"to\\\";a:1:{i:0;O:47:\\\"Symfony\\\\Component\\\\Mime\\\\Header\\\\MailboxListHeader\\\":5:{s:50:\\\"\\0Symfony\\\\Component\\\\Mime\\\\Header\\\\AbstractHeader\\0name\\\";s:2:\\\"To\\\";s:56:\\\"\\0Symfony\\\\Component\\\\Mime\\\\Header\\\\AbstractHeader\\0lineLength\\\";i:76;s:50:\\\"\\0Symfony\\\\Component\\\\Mime\\\\Header\\\\AbstractHeader\\0lang\\\";N;s:53:\\\"\\0Symfony\\\\Component\\\\Mime\\\\Header\\\\AbstractHeader\\0charset\\\";s:5:\\\"utf-8\\\";s:58:\\\"\\0Symfony\\\\Component\\\\Mime\\\\Header\\\\MailboxListHeader\\0addresses\\\";a:1:{i:0;O:30:\\\"Symfony\\\\Component\\\\Mime\\\\Address\\\":2:{s:39:\\\"\\0Symfony\\\\Component\\\\Mime\\\\Address\\0address\\\";s:22:\\\"joliechose21@gmail.com\\\";s:36:\\\"\\0Symfony\\\\Component\\\\Mime\\\\Address\\0name\\\";s:0:\\\"\\\";}}}}s:7:\\\"subject\\\";a:1:{i:0;O:48:\\\"Symfony\\\\Component\\\\Mime\\\\Header\\\\UnstructuredHeader\\\":5:{s:50:\\\"\\0Symfony\\\\Component\\\\Mime\\\\Header\\\\AbstractHeader\\0name\\\";s:7:\\\"Subject\\\";s:56:\\\"\\0Symfony\\\\Component\\\\Mime\\\\Header\\\\AbstractHeader\\0lineLength\\\";i:76;s:50:\\\"\\0Symfony\\\\Component\\\\Mime\\\\Header\\\\AbstractHeader\\0lang\\\";N;s:53:\\\"\\0Symfony\\\\Component\\\\Mime\\\\Header\\\\AbstractHeader\\0charset\\\";s:5:\\\"utf-8\\\";s:55:\\\"\\0Symfony\\\\Component\\\\Mime\\\\Header\\\\UnstructuredHeader\\0value\\\";s:38:\\\"Merci de confirmer votre adresse email\\\";}}}s:49:\\\"\\0Symfony\\\\Component\\\\Mime\\\\Header\\\\Headers\\0lineLength\\\";i:76;}i:1;N;}}}s:61:\\\"\\0Symfony\\\\Component\\\\Mailer\\\\Messenger\\\\SendEmailMessage\\0envelope\\\";N;}}', '[]', 'default', '2022-06-26 10:55:51', '2022-06-26 10:55:51', NULL),
(8, 'O:36:\\\"Symfony\\\\Component\\\\Messenger\\\\Envelope\\\":2:{s:44:\\\"\\0Symfony\\\\Component\\\\Messenger\\\\Envelope\\0stamps\\\";a:1:{s:46:\\\"Symfony\\\\Component\\\\Messenger\\\\Stamp\\\\BusNameStamp\\\";a:1:{i:0;O:46:\\\"Symfony\\\\Component\\\\Messenger\\\\Stamp\\\\BusNameStamp\\\":1:{s:55:\\\"\\0Symfony\\\\Component\\\\Messenger\\\\Stamp\\\\BusNameStamp\\0busName\\\";s:21:\\\"messenger.bus.default\\\";}}}s:45:\\\"\\0Symfony\\\\Component\\\\Messenger\\\\Envelope\\0message\\\";O:51:\\\"Symfony\\\\Component\\\\Mailer\\\\Messenger\\\\SendEmailMessage\\\":2:{s:60:\\\"\\0Symfony\\\\Component\\\\Mailer\\\\Messenger\\\\SendEmailMessage\\0message\\\";O:39:\\\"Symfony\\\\Bridge\\\\Twig\\\\Mime\\\\TemplatedEmail\\\":4:{i:0;s:41:\\\"registration/confirmation_email.html.twig\\\";i:1;N;i:2;a:3:{s:9:\\\"signedUrl\\\";s:167:\\\"http://localhost:8000/verify/email?expires=1656237393&signature=Cb2qZVaRPP5tKIe5xCg0emlv2I4BHbLxS%2FMZ84ucpVo%3D&token=MJasWwVUbVBijvyep3ppjjDcH481oIe%2BYa6B32eRFXo%3D\\\";s:19:\\\"expiresAtMessageKey\\\";s:26:\\\"%count% hour|%count% hours\\\";s:20:\\\"expiresAtMessageData\\\";a:1:{s:7:\\\"%count%\\\";i:1;}}i:3;a:6:{i:0;N;i:1;N;i:2;N;i:3;N;i:4;a:0:{}i:5;a:2:{i:0;O:37:\\\"Symfony\\\\Component\\\\Mime\\\\Header\\\\Headers\\\":2:{s:46:\\\"\\0Symfony\\\\Component\\\\Mime\\\\Header\\\\Headers\\0headers\\\";a:3:{s:4:\\\"from\\\";a:1:{i:0;O:47:\\\"Symfony\\\\Component\\\\Mime\\\\Header\\\\MailboxListHeader\\\":5:{s:50:\\\"\\0Symfony\\\\Component\\\\Mime\\\\Header\\\\AbstractHeader\\0name\\\";s:4:\\\"From\\\";s:56:\\\"\\0Symfony\\\\Component\\\\Mime\\\\Header\\\\AbstractHeader\\0lineLength\\\";i:76;s:50:\\\"\\0Symfony\\\\Component\\\\Mime\\\\Header\\\\AbstractHeader\\0lang\\\";N;s:53:\\\"\\0Symfony\\\\Component\\\\Mime\\\\Header\\\\AbstractHeader\\0charset\\\";s:5:\\\"utf-8\\\";s:58:\\\"\\0Symfony\\\\Component\\\\Mime\\\\Header\\\\MailboxListHeader\\0addresses\\\";a:1:{i:0;O:30:\\\"Symfony\\\\Component\\\\Mime\\\\Address\\\":2:{s:39:\\\"\\0Symfony\\\\Component\\\\Mime\\\\Address\\0address\\\";s:11:\\\"a@gmail.com\\\";s:36:\\\"\\0Symfony\\\\Component\\\\Mime\\\\Address\\0name\\\";s:16:\\\"Action Culottée\\\";}}}}s:2:\\\"to\\\";a:1:{i:0;O:47:\\\"Symfony\\\\Component\\\\Mime\\\\Header\\\\MailboxListHeader\\\":5:{s:50:\\\"\\0Symfony\\\\Component\\\\Mime\\\\Header\\\\AbstractHeader\\0name\\\";s:2:\\\"To\\\";s:56:\\\"\\0Symfony\\\\Component\\\\Mime\\\\Header\\\\AbstractHeader\\0lineLength\\\";i:76;s:50:\\\"\\0Symfony\\\\Component\\\\Mime\\\\Header\\\\AbstractHeader\\0lang\\\";N;s:53:\\\"\\0Symfony\\\\Component\\\\Mime\\\\Header\\\\AbstractHeader\\0charset\\\";s:5:\\\"utf-8\\\";s:58:\\\"\\0Symfony\\\\Component\\\\Mime\\\\Header\\\\MailboxListHeader\\0addresses\\\";a:1:{i:0;O:30:\\\"Symfony\\\\Component\\\\Mime\\\\Address\\\":2:{s:39:\\\"\\0Symfony\\\\Component\\\\Mime\\\\Address\\0address\\\";s:26:\\\"silhouettetroyes@gmail.com\\\";s:36:\\\"\\0Symfony\\\\Component\\\\Mime\\\\Address\\0name\\\";s:0:\\\"\\\";}}}}s:7:\\\"subject\\\";a:1:{i:0;O:48:\\\"Symfony\\\\Component\\\\Mime\\\\Header\\\\UnstructuredHeader\\\":5:{s:50:\\\"\\0Symfony\\\\Component\\\\Mime\\\\Header\\\\AbstractHeader\\0name\\\";s:7:\\\"Subject\\\";s:56:\\\"\\0Symfony\\\\Component\\\\Mime\\\\Header\\\\AbstractHeader\\0lineLength\\\";i:76;s:50:\\\"\\0Symfony\\\\Component\\\\Mime\\\\Header\\\\AbstractHeader\\0lang\\\";N;s:53:\\\"\\0Symfony\\\\Component\\\\Mime\\\\Header\\\\AbstractHeader\\0charset\\\";s:5:\\\"utf-8\\\";s:55:\\\"\\0Symfony\\\\Component\\\\Mime\\\\Header\\\\UnstructuredHeader\\0value\\\";s:38:\\\"Merci de confirmer votre adresse email\\\";}}}s:49:\\\"\\0Symfony\\\\Component\\\\Mime\\\\Header\\\\Headers\\0lineLength\\\";i:76;}i:1;N;}}}s:61:\\\"\\0Symfony\\\\Component\\\\Mailer\\\\Messenger\\\\SendEmailMessage\\0envelope\\\";N;}}', '[]', 'default', '2022-06-26 10:56:33', '2022-06-26 10:56:33', NULL),
(9, 'O:36:\\\"Symfony\\\\Component\\\\Messenger\\\\Envelope\\\":2:{s:44:\\\"\\0Symfony\\\\Component\\\\Messenger\\\\Envelope\\0stamps\\\";a:1:{s:46:\\\"Symfony\\\\Component\\\\Messenger\\\\Stamp\\\\BusNameStamp\\\";a:1:{i:0;O:46:\\\"Symfony\\\\Component\\\\Messenger\\\\Stamp\\\\BusNameStamp\\\":1:{s:55:\\\"\\0Symfony\\\\Component\\\\Messenger\\\\Stamp\\\\BusNameStamp\\0busName\\\";s:21:\\\"messenger.bus.default\\\";}}}s:45:\\\"\\0Symfony\\\\Component\\\\Messenger\\\\Envelope\\0message\\\";O:51:\\\"Symfony\\\\Component\\\\Mailer\\\\Messenger\\\\SendEmailMessage\\\":2:{s:60:\\\"\\0Symfony\\\\Component\\\\Mailer\\\\Messenger\\\\SendEmailMessage\\0message\\\";O:39:\\\"Symfony\\\\Bridge\\\\Twig\\\\Mime\\\\TemplatedEmail\\\":4:{i:0;s:41:\\\"registration/confirmation_email.html.twig\\\";i:1;N;i:2;a:3:{s:9:\\\"signedUrl\\\";s:167:\\\"http://localhost:8000/verify/email?expires=1656237432&signature=5KrGKdyOzCGantNeWT9%2Bxa9Cvw64bosFR34C8bmVQZU%3D&token=rX1KV%2BiaP1xBGGmtyWgLTk5yWeTnpCsCdeK89dA6Ux4%3D\\\";s:19:\\\"expiresAtMessageKey\\\";s:26:\\\"%count% hour|%count% hours\\\";s:20:\\\"expiresAtMessageData\\\";a:1:{s:7:\\\"%count%\\\";i:1;}}i:3;a:6:{i:0;N;i:1;N;i:2;N;i:3;N;i:4;a:0:{}i:5;a:2:{i:0;O:37:\\\"Symfony\\\\Component\\\\Mime\\\\Header\\\\Headers\\\":2:{s:46:\\\"\\0Symfony\\\\Component\\\\Mime\\\\Header\\\\Headers\\0headers\\\";a:3:{s:4:\\\"from\\\";a:1:{i:0;O:47:\\\"Symfony\\\\Component\\\\Mime\\\\Header\\\\MailboxListHeader\\\":5:{s:50:\\\"\\0Symfony\\\\Component\\\\Mime\\\\Header\\\\AbstractHeader\\0name\\\";s:4:\\\"From\\\";s:56:\\\"\\0Symfony\\\\Component\\\\Mime\\\\Header\\\\AbstractHeader\\0lineLength\\\";i:76;s:50:\\\"\\0Symfony\\\\Component\\\\Mime\\\\Header\\\\AbstractHeader\\0lang\\\";N;s:53:\\\"\\0Symfony\\\\Component\\\\Mime\\\\Header\\\\AbstractHeader\\0charset\\\";s:5:\\\"utf-8\\\";s:58:\\\"\\0Symfony\\\\Component\\\\Mime\\\\Header\\\\MailboxListHeader\\0addresses\\\";a:1:{i:0;O:30:\\\"Symfony\\\\Component\\\\Mime\\\\Address\\\":2:{s:39:\\\"\\0Symfony\\\\Component\\\\Mime\\\\Address\\0address\\\";s:11:\\\"a@gmail.com\\\";s:36:\\\"\\0Symfony\\\\Component\\\\Mime\\\\Address\\0name\\\";s:16:\\\"Action Culottée\\\";}}}}s:2:\\\"to\\\";a:1:{i:0;O:47:\\\"Symfony\\\\Component\\\\Mime\\\\Header\\\\MailboxListHeader\\\":5:{s:50:\\\"\\0Symfony\\\\Component\\\\Mime\\\\Header\\\\AbstractHeader\\0name\\\";s:2:\\\"To\\\";s:56:\\\"\\0Symfony\\\\Component\\\\Mime\\\\Header\\\\AbstractHeader\\0lineLength\\\";i:76;s:50:\\\"\\0Symfony\\\\Component\\\\Mime\\\\Header\\\\AbstractHeader\\0lang\\\";N;s:53:\\\"\\0Symfony\\\\Component\\\\Mime\\\\Header\\\\AbstractHeader\\0charset\\\";s:5:\\\"utf-8\\\";s:58:\\\"\\0Symfony\\\\Component\\\\Mime\\\\Header\\\\MailboxListHeader\\0addresses\\\";a:1:{i:0;O:30:\\\"Symfony\\\\Component\\\\Mime\\\\Address\\\":2:{s:39:\\\"\\0Symfony\\\\Component\\\\Mime\\\\Address\\0address\\\";s:23:\\\"rhita.jerrade@orange.fr\\\";s:36:\\\"\\0Symfony\\\\Component\\\\Mime\\\\Address\\0name\\\";s:0:\\\"\\\";}}}}s:7:\\\"subject\\\";a:1:{i:0;O:48:\\\"Symfony\\\\Component\\\\Mime\\\\Header\\\\UnstructuredHeader\\\":5:{s:50:\\\"\\0Symfony\\\\Component\\\\Mime\\\\Header\\\\AbstractHeader\\0name\\\";s:7:\\\"Subject\\\";s:56:\\\"\\0Symfony\\\\Component\\\\Mime\\\\Header\\\\AbstractHeader\\0lineLength\\\";i:76;s:50:\\\"\\0Symfony\\\\Component\\\\Mime\\\\Header\\\\AbstractHeader\\0lang\\\";N;s:53:\\\"\\0Symfony\\\\Component\\\\Mime\\\\Header\\\\AbstractHeader\\0charset\\\";s:5:\\\"utf-8\\\";s:55:\\\"\\0Symfony\\\\Component\\\\Mime\\\\Header\\\\UnstructuredHeader\\0value\\\";s:38:\\\"Merci de confirmer votre adresse email\\\";}}}s:49:\\\"\\0Symfony\\\\Component\\\\Mime\\\\Header\\\\Headers\\0lineLength\\\";i:76;}i:1;N;}}}s:61:\\\"\\0Symfony\\\\Component\\\\Mailer\\\\Messenger\\\\SendEmailMessage\\0envelope\\\";N;}}', '[]', 'default', '2022-06-26 10:57:12', '2022-06-26 10:57:12', NULL),
(10, 'O:36:\\\"Symfony\\\\Component\\\\Messenger\\\\Envelope\\\":2:{s:44:\\\"\\0Symfony\\\\Component\\\\Messenger\\\\Envelope\\0stamps\\\";a:1:{s:46:\\\"Symfony\\\\Component\\\\Messenger\\\\Stamp\\\\BusNameStamp\\\";a:1:{i:0;O:46:\\\"Symfony\\\\Component\\\\Messenger\\\\Stamp\\\\BusNameStamp\\\":1:{s:55:\\\"\\0Symfony\\\\Component\\\\Messenger\\\\Stamp\\\\BusNameStamp\\0busName\\\";s:21:\\\"messenger.bus.default\\\";}}}s:45:\\\"\\0Symfony\\\\Component\\\\Messenger\\\\Envelope\\0message\\\";O:51:\\\"Symfony\\\\Component\\\\Mailer\\\\Messenger\\\\SendEmailMessage\\\":2:{s:60:\\\"\\0Symfony\\\\Component\\\\Mailer\\\\Messenger\\\\SendEmailMessage\\0message\\\";O:39:\\\"Symfony\\\\Bridge\\\\Twig\\\\Mime\\\\TemplatedEmail\\\":4:{i:0;s:41:\\\"registration/confirmation_email.html.twig\\\";i:1;N;i:2;a:3:{s:9:\\\"signedUrl\\\";s:169:\\\"http://localhost:8000/verify/email?expires=1656237492&signature=ukxiNpGRx3ii2fVR3MobTPfmH2Hhw5zLHIjFE7MFPBo%3D&token=wJh%2FDlxPckf%2F9KsK1k0vp3O7PLRWcC5KtBTI%2Fn1BmJg%3D\\\";s:19:\\\"expiresAtMessageKey\\\";s:26:\\\"%count% hour|%count% hours\\\";s:20:\\\"expiresAtMessageData\\\";a:1:{s:7:\\\"%count%\\\";i:1;}}i:3;a:6:{i:0;N;i:1;N;i:2;N;i:3;N;i:4;a:0:{}i:5;a:2:{i:0;O:37:\\\"Symfony\\\\Component\\\\Mime\\\\Header\\\\Headers\\\":2:{s:46:\\\"\\0Symfony\\\\Component\\\\Mime\\\\Header\\\\Headers\\0headers\\\";a:3:{s:4:\\\"from\\\";a:1:{i:0;O:47:\\\"Symfony\\\\Component\\\\Mime\\\\Header\\\\MailboxListHeader\\\":5:{s:50:\\\"\\0Symfony\\\\Component\\\\Mime\\\\Header\\\\AbstractHeader\\0name\\\";s:4:\\\"From\\\";s:56:\\\"\\0Symfony\\\\Component\\\\Mime\\\\Header\\\\AbstractHeader\\0lineLength\\\";i:76;s:50:\\\"\\0Symfony\\\\Component\\\\Mime\\\\Header\\\\AbstractHeader\\0lang\\\";N;s:53:\\\"\\0Symfony\\\\Component\\\\Mime\\\\Header\\\\AbstractHeader\\0charset\\\";s:5:\\\"utf-8\\\";s:58:\\\"\\0Symfony\\\\Component\\\\Mime\\\\Header\\\\MailboxListHeader\\0addresses\\\";a:1:{i:0;O:30:\\\"Symfony\\\\Component\\\\Mime\\\\Address\\\":2:{s:39:\\\"\\0Symfony\\\\Component\\\\Mime\\\\Address\\0address\\\";s:11:\\\"a@gmail.com\\\";s:36:\\\"\\0Symfony\\\\Component\\\\Mime\\\\Address\\0name\\\";s:16:\\\"Action Culottée\\\";}}}}s:2:\\\"to\\\";a:1:{i:0;O:47:\\\"Symfony\\\\Component\\\\Mime\\\\Header\\\\MailboxListHeader\\\":5:{s:50:\\\"\\0Symfony\\\\Component\\\\Mime\\\\Header\\\\AbstractHeader\\0name\\\";s:2:\\\"To\\\";s:56:\\\"\\0Symfony\\\\Component\\\\Mime\\\\Header\\\\AbstractHeader\\0lineLength\\\";i:76;s:50:\\\"\\0Symfony\\\\Component\\\\Mime\\\\Header\\\\AbstractHeader\\0lang\\\";N;s:53:\\\"\\0Symfony\\\\Component\\\\Mime\\\\Header\\\\AbstractHeader\\0charset\\\";s:5:\\\"utf-8\\\";s:58:\\\"\\0Symfony\\\\Component\\\\Mime\\\\Header\\\\MailboxListHeader\\0addresses\\\";a:1:{i:0;O:30:\\\"Symfony\\\\Component\\\\Mime\\\\Address\\\":2:{s:39:\\\"\\0Symfony\\\\Component\\\\Mime\\\\Address\\0address\\\";s:29:\\\"coquelicot.lingerie@gmail.com\\\";s:36:\\\"\\0Symfony\\\\Component\\\\Mime\\\\Address\\0name\\\";s:0:\\\"\\\";}}}}s:7:\\\"subject\\\";a:1:{i:0;O:48:\\\"Symfony\\\\Component\\\\Mime\\\\Header\\\\UnstructuredHeader\\\":5:{s:50:\\\"\\0Symfony\\\\Component\\\\Mime\\\\Header\\\\AbstractHeader\\0name\\\";s:7:\\\"Subject\\\";s:56:\\\"\\0Symfony\\\\Component\\\\Mime\\\\Header\\\\AbstractHeader\\0lineLength\\\";i:76;s:50:\\\"\\0Symfony\\\\Component\\\\Mime\\\\Header\\\\AbstractHeader\\0lang\\\";N;s:53:\\\"\\0Symfony\\\\Component\\\\Mime\\\\Header\\\\AbstractHeader\\0charset\\\";s:5:\\\"utf-8\\\";s:55:\\\"\\0Symfony\\\\Component\\\\Mime\\\\Header\\\\UnstructuredHeader\\0value\\\";s:38:\\\"Merci de confirmer votre adresse email\\\";}}}s:49:\\\"\\0Symfony\\\\Component\\\\Mime\\\\Header\\\\Headers\\0lineLength\\\";i:76;}i:1;N;}}}s:61:\\\"\\0Symfony\\\\Component\\\\Mailer\\\\Messenger\\\\SendEmailMessage\\0envelope\\\";N;}}', '[]', 'default', '2022-06-26 10:58:12', '2022-06-26 10:58:12', NULL),
(11, 'O:36:\\\"Symfony\\\\Component\\\\Messenger\\\\Envelope\\\":2:{s:44:\\\"\\0Symfony\\\\Component\\\\Messenger\\\\Envelope\\0stamps\\\";a:1:{s:46:\\\"Symfony\\\\Component\\\\Messenger\\\\Stamp\\\\BusNameStamp\\\";a:1:{i:0;O:46:\\\"Symfony\\\\Component\\\\Messenger\\\\Stamp\\\\BusNameStamp\\\":1:{s:55:\\\"\\0Symfony\\\\Component\\\\Messenger\\\\Stamp\\\\BusNameStamp\\0busName\\\";s:21:\\\"messenger.bus.default\\\";}}}s:45:\\\"\\0Symfony\\\\Component\\\\Messenger\\\\Envelope\\0message\\\";O:51:\\\"Symfony\\\\Component\\\\Mailer\\\\Messenger\\\\SendEmailMessage\\\":2:{s:60:\\\"\\0Symfony\\\\Component\\\\Mailer\\\\Messenger\\\\SendEmailMessage\\0message\\\";O:39:\\\"Symfony\\\\Bridge\\\\Twig\\\\Mime\\\\TemplatedEmail\\\":4:{i:0;s:41:\\\"registration/confirmation_email.html.twig\\\";i:1;N;i:2;a:3:{s:9:\\\"signedUrl\\\";s:167:\\\"http://localhost:8000/verify/email?expires=1656237526&signature=TpsV4tfxOK7uU0tGKIvbCVfxPQSizGwwUW9%2BPKhbDdc%3D&token=YZS2ERwlThbxGUXvJmDk%2FvxOcAOcrTDufcIMWCR4X8A%3D\\\";s:19:\\\"expiresAtMessageKey\\\";s:26:\\\"%count% hour|%count% hours\\\";s:20:\\\"expiresAtMessageData\\\";a:1:{s:7:\\\"%count%\\\";i:1;}}i:3;a:6:{i:0;N;i:1;N;i:2;N;i:3;N;i:4;a:0:{}i:5;a:2:{i:0;O:37:\\\"Symfony\\\\Component\\\\Mime\\\\Header\\\\Headers\\\":2:{s:46:\\\"\\0Symfony\\\\Component\\\\Mime\\\\Header\\\\Headers\\0headers\\\";a:3:{s:4:\\\"from\\\";a:1:{i:0;O:47:\\\"Symfony\\\\Component\\\\Mime\\\\Header\\\\MailboxListHeader\\\":5:{s:50:\\\"\\0Symfony\\\\Component\\\\Mime\\\\Header\\\\AbstractHeader\\0name\\\";s:4:\\\"From\\\";s:56:\\\"\\0Symfony\\\\Component\\\\Mime\\\\Header\\\\AbstractHeader\\0lineLength\\\";i:76;s:50:\\\"\\0Symfony\\\\Component\\\\Mime\\\\Header\\\\AbstractHeader\\0lang\\\";N;s:53:\\\"\\0Symfony\\\\Component\\\\Mime\\\\Header\\\\AbstractHeader\\0charset\\\";s:5:\\\"utf-8\\\";s:58:\\\"\\0Symfony\\\\Component\\\\Mime\\\\Header\\\\MailboxListHeader\\0addresses\\\";a:1:{i:0;O:30:\\\"Symfony\\\\Component\\\\Mime\\\\Address\\\":2:{s:39:\\\"\\0Symfony\\\\Component\\\\Mime\\\\Address\\0address\\\";s:11:\\\"a@gmail.com\\\";s:36:\\\"\\0Symfony\\\\Component\\\\Mime\\\\Address\\0name\\\";s:16:\\\"Action Culottée\\\";}}}}s:2:\\\"to\\\";a:1:{i:0;O:47:\\\"Symfony\\\\Component\\\\Mime\\\\Header\\\\MailboxListHeader\\\":5:{s:50:\\\"\\0Symfony\\\\Component\\\\Mime\\\\Header\\\\AbstractHeader\\0name\\\";s:2:\\\"To\\\";s:56:\\\"\\0Symfony\\\\Component\\\\Mime\\\\Header\\\\AbstractHeader\\0lineLength\\\";i:76;s:50:\\\"\\0Symfony\\\\Component\\\\Mime\\\\Header\\\\AbstractHeader\\0lang\\\";N;s:53:\\\"\\0Symfony\\\\Component\\\\Mime\\\\Header\\\\AbstractHeader\\0charset\\\";s:5:\\\"utf-8\\\";s:58:\\\"\\0Symfony\\\\Component\\\\Mime\\\\Header\\\\MailboxListHeader\\0addresses\\\";a:1:{i:0;O:30:\\\"Symfony\\\\Component\\\\Mime\\\\Address\\\":2:{s:39:\\\"\\0Symfony\\\\Component\\\\Mime\\\\Address\\0address\\\";s:26:\\\"laclefdescharmes@gmail.com\\\";s:36:\\\"\\0Symfony\\\\Component\\\\Mime\\\\Address\\0name\\\";s:0:\\\"\\\";}}}}s:7:\\\"subject\\\";a:1:{i:0;O:48:\\\"Symfony\\\\Component\\\\Mime\\\\Header\\\\UnstructuredHeader\\\":5:{s:50:\\\"\\0Symfony\\\\Component\\\\Mime\\\\Header\\\\AbstractHeader\\0name\\\";s:7:\\\"Subject\\\";s:56:\\\"\\0Symfony\\\\Component\\\\Mime\\\\Header\\\\AbstractHeader\\0lineLength\\\";i:76;s:50:\\\"\\0Symfony\\\\Component\\\\Mime\\\\Header\\\\AbstractHeader\\0lang\\\";N;s:53:\\\"\\0Symfony\\\\Component\\\\Mime\\\\Header\\\\AbstractHeader\\0charset\\\";s:5:\\\"utf-8\\\";s:55:\\\"\\0Symfony\\\\Component\\\\Mime\\\\Header\\\\UnstructuredHeader\\0value\\\";s:38:\\\"Merci de confirmer votre adresse email\\\";}}}s:49:\\\"\\0Symfony\\\\Component\\\\Mime\\\\Header\\\\Headers\\0lineLength\\\";i:76;}i:1;N;}}}s:61:\\\"\\0Symfony\\\\Component\\\\Mailer\\\\Messenger\\\\SendEmailMessage\\0envelope\\\";N;}}', '[]', 'default', '2022-06-26 10:58:46', '2022-06-26 10:58:46', NULL);

-- --------------------------------------------------------

--
-- Structure de la table `partner`
--

CREATE TABLE `partner` (
  `id` int NOT NULL,
  `title` varchar(100) COLLATE utf8mb4_unicode_ci NOT NULL,
  `logo` varchar(60) COLLATE utf8mb4_unicode_ci DEFAULT NULL,
  `description` longtext COLLATE utf8mb4_unicode_ci NOT NULL,
  `offer` longtext COLLATE utf8mb4_unicode_ci NOT NULL
) ENGINE=InnoDB DEFAULT CHARSET=utf8mb4 COLLATE=utf8mb4_unicode_ci;

--
-- Déchargement des données de la table `partner`
--

INSERT INTO `partner` (`id`, `title`, `logo`, `description`, `offer`) VALUES
(1, 'Soak', '62b831a24bef2.jpg', '<h2 style=\"text-align:center;\">Dites m\'en plus sur les Lessives écologiques Soak !</h2>\n\n<div class=\"field field-label-hidden field-name-body field-type-text-with-summary\">\n<div class=\"field-items\">\n<div class=\"field-item\">\n<p style=\"text-align:justify;\">Soak signifie littéralement \"tremper\" en anglais. Et c\'est bien tout ce que vous aurez à faire pour entretenir vos lainages les plus délicats et les plus précieux nécessitant un lavage à la main. Soak propose une gamme de lessives écologiques constituées de produits biodégradables d\'origine végétale et de plantes, douces pour vos tricots et l\'environnement. Pas de rinçage nécessaire pour cette lessive que vous pourrez utiliser pour un lavage à la main ou en machine. Les saletés et les odeurs sont absorbées des vêtements et retenues par et dans l\'eau. Pas de résidus!</p>\n</div>\n</div>\n</div>', '<table cellspacing=\"0\" style=\"border-collapse:collapse;\">\n	<tbody>\n		<tr>\n			<td style=\"height:21px;text-align:left;vertical-align:bottom;\"><span style=\"color:#000000;\">Remise de 5% (ce qui permettra de générer une marge de 2.5) sur toute commande placée en 2022 directement auprès de Patrick De Visscher (et non via ses agents)</span></td>\n		</tr>\n		<tr>\n			<td style=\"height:21px;text-align:left;vertical-align:bottom;\"><span style=\"color:#000000;\">De plus dans la collection, le pack de 96 mini Soak est proposé à 40 € (à la place de 48, ce qui signifie une remise de 17%) et la remise de 5% sera aussi déduite de ce montant.</span></td>\n		</tr>\n	</tbody>\n</table>'),
(2, 'Louisa Bracq', '62b8350aaa6ad.jpg', '<p style=\"text-align:center;\">Produits &amp; styles</p>\n\n<p>Un produit techniquement conçu pour être <strong>confortable, esthétique et fonctionnel</strong>, reflétant un certain engouement pour l’<strong>innovation</strong> et la précision.</p>\n\n<p>Le style Louisa Bracq est un style <strong>contemporain</strong>, puisant ses inspirations dans la culture urbaine et interprète ces références de manière <strong>conceptuelle</strong>.</p>\n\n<p>Pour toutes les<strong> </strong>morphologies et tous les âges :<strong> de 65 à 115, de A à I, de 36 à  54</strong>.</p>', '<p>« Afin de vous aider dans l’implantation de notre marque LOUISA BRACQ, pour les saisons AH22/23 et PE23, nous vous proposons l’offre suivante :</p>\n\n<p>- Si les prises de commande sont au minimum de 3000€ HT, nous appliquons une remise de 5% sur chaque commande (Permanents et Saisonniers)</p>\n\n<p>- Si le CA total de la cliente atteint au minimum 6000€ HT pour la saison (Attention : Hors Soldes), la cliente se verra octroyer, sous forme d’avoir, une remise supplémentaire de 3%</p>'),
(4, 'Le Chat', '62b83c5d814c0.png', '<div class=\"col-sm-4\">\n<h1>La marque</h1>\n\n<p>Depuis 1946, nous créons la lingerie et le homewear dans lesquels les femmes se sentent bien.</p>\n\n<p>Nous puisons l’inspiration partout où elle est : dans votre vie, dans l’air du temps, nos coups de cœur, et parfois juste une sensation. Nous cherchons sans cesse la matière idéale, la coupe qui libère, la finition qui change tout.</p>\n\n<p>Et tout ça, nous le faisons avec amour et avec soin. Le reste, nos créations vous le diront...</p>\n</div>\nNotre histoire\n\nUne histoire de bien-être...\n\nL’art du bien-être, des belles coupes, des matières douces et confortables, nous le cultivons depuis quatre générations. Découvrez les petites histoires qui ont fait notre histoire.\nNotre métier\n\nDans les coulisses de Lingerie Le Chat...\n\nSi vous aimez porter votre Le Chat, ce n’est pas un hasard, mais le fruit d’un travail de création attentif et passionné. De nos premières inspirations aux dernières retouches et au-delà, suivez avec nous la naissance d’une collection.', '<p>- Minimum de commande de 800 € franco de port ( possibilité de commande entre 0 et 800 avec frais de port en sus )</p>\n\n<p>- Taux de mark up : 2,50</p>\n\n<p>- Réassorts : franco 1 pièce</p>\n\n<p>- Echanges : gratuits en cours de saison. Principe : chacun paye un trajet ( le commerçant paye le port de la marchandise qu’ il renvoie, nous payons le port de ce que nous lui relivrons )</p>'),
(5, 'ACDL / Opaline Lingerie', '62b83ce2cd384.jpg', '<div class=\"col span_12\">\n<div class=\"wpb_content_element wpb_text_column\">\n<div class=\"wpb_wrapper\">\n<h1 style=\"text-align:center;\">Logiciel de caisse et de gestion pour magasin de lingerie</h1>\n\n<h2 style=\"text-align:center;\">Opaline spécialisé dans la lingerie</h2>\n\n<div class=\"col column_container instance-0 no-extra-padding vc_col-sm-8 vc_column_container wpb_column\">\n<div class=\"vc_column-inner\">\n<div class=\"wpb_wrapper\">\n<div class=\"wpb_content_element wpb_text_column\">\n<div class=\"wpb_wrapper\">\n<h2 style=\"text-align:center;\">Une solution complète pour les commerces de lingerie.<br />\nAvec Opaline dans votre magasin la gestion de vos articles n’est plus un problème.<br />\nGestion des bonnets, tailles, couleurs, collections, saisons …</h2>\n</div>\n</div>\n\n<div class=\"wpb_content_element wpb_text_column\">\n<div class=\"wpb_wrapper\">\n<h3 style=\"text-align:center;\">Un logiciel qui gère la <strong>profondeur</strong> des <strong>soutiens-gorges</strong> en toute simplicité et vous fait gagner du temps.<br />\nConsulter les stocks, les statistiques, le fichier client, commandes, réceptions, reliquats …<br />\nGain de place pour votre magasin de lingerie, la compatibilité avec un écran tactile.</h3>\n</div>\n</div>\n</div>\n</div>\n</div>\n</div>\n</div>\n</div>', '<p>30% de remise sur le logiciel Opaline Lingerie, soit 360€ de remise sur le logiciel.A la base le logiciel coûte 1200€, ce qui l\'amène à 840€ HT.</p>\n\n<p>Si l\'on souhaite la maintenance elle coûte 37,5€ / mois, appels du lundi au samedi non surtaxés, 9h30 - 12h30 14h - 18h30.</p>\n\n<p>Les mises à jour sont incluses.</p>\n\n<p>Prochaine version par exemple, envoi des tickets par mail, en auto depuis la caisse.</p>\n\n<p>Entreprise Certifiée organisme de formation Qualiopi</p>');

-- --------------------------------------------------------

--
-- Structure de la table `reset_password_request`
--

CREATE TABLE `reset_password_request` (
  `id` int NOT NULL,
  `user_id` int NOT NULL,
  `selector` varchar(20) COLLATE utf8mb4_unicode_ci NOT NULL,
  `hashed_token` varchar(100) COLLATE utf8mb4_unicode_ci NOT NULL,
  `requested_at` datetime NOT NULL COMMENT '(DC2Type:datetime_immutable)',
  `expires_at` datetime NOT NULL COMMENT '(DC2Type:datetime_immutable)'
) ENGINE=InnoDB DEFAULT CHARSET=utf8mb4 COLLATE=utf8mb4_unicode_ci;

-- --------------------------------------------------------

--
-- Structure de la table `shop`
--

CREATE TABLE `shop` (
  `id` int NOT NULL,
  `owner_id` int NOT NULL,
  `name` varchar(100) COLLATE utf8mb4_unicode_ci NOT NULL,
  `address` varchar(300) COLLATE utf8mb4_unicode_ci NOT NULL,
  `zip` varchar(5) COLLATE utf8mb4_unicode_ci NOT NULL,
  `city` varchar(100) COLLATE utf8mb4_unicode_ci NOT NULL,
  `country` varchar(100) COLLATE utf8mb4_unicode_ci NOT NULL,
  `latitude` json NOT NULL,
  `longitude` json NOT NULL,
  `phone_number` varchar(17) COLLATE utf8mb4_unicode_ci NOT NULL
) ENGINE=InnoDB DEFAULT CHARSET=utf8mb4 COLLATE=utf8mb4_unicode_ci;

--
-- Déchargement des données de la table `shop`
--

INSERT INTO `shop` (`id`, `owner_id`, `name`, `address`, `zip`, `city`, `country`, `latitude`, `longitude`, `phone_number`) VALUES
(1, 2, 'Les Rituelles', '6 rue Houdon', '75018', 'Paris', 'FR', '48.8828666', '2.338347', '0677920539'),
(2, 3, 'Lingerie Sylvette', '92 grande rue', '69600', 'OULLINS', 'FR', '45.7156164', '4.8087805', '0478502628'),
(3, 5, 'Pomponnette', '1 rue des rolliers', '30820', 'Caveirac', 'FR', '43.8221888', '4.2696371', '0953110919'),
(4, 5, 'Pomponnette', '10 rue regale', '30000', 'Nimes', 'FR', '43.8359601', '4.360799', '0954394933'),
(5, 4, 'Clair de Lune', '119 bis rue Ordener', '75018', 'Paris', 'FR', '48.8927476', '2.342107', '01-42-64-41-94'),
(6, 6, 'Un temps pour elle', '25 place Bossuet', '21000', 'DIJON', 'FR', '47.3201502', '5.0367781', '03-80-58-08-99'),
(7, 7, 'Jolie Chose', '26 avenue de Dijon', '21150', 'Venarey-les-Laumes', 'FR', '47.539402', '4.461251', '03-80-89-27-03'),
(8, 8, 'Silhouette', '36 rue Emile Zola', '10000', 'Troyes', 'FR', '48.2966623', '4.0752415', '03 25 73 23 09'),
(9, 9, 'Elodie Lingerie', '62 rue Eugene Leduc', '02000', 'LAON', 'FR', '49.5680085', '3.630735', '03-23-79-08-28'),
(10, 10, 'Coquelicot Lingerie by Caroline', '11 rue grande André Cabasse', '83520', 'Roquebrune sur  Argens', 'FR', '43.4442732', '6.6378796', '0494453503'),
(11, 11, 'La clef des charmes', '28 rue des Blanchers', '31000', 'Toulouse', 'FR', '43.6026463', '1.4374619', '05 34 30 14 96'),
(12, 12, 'Novita', 'rue de la Coupe 30', '7000', 'Mons', 'BE', '50.4527786', '3.9519623', '00326-51-35-26-44'),
(13, 13, 'Si j\'osais', 'route de Bastogne', '9638', 'wiltz', 'LU', '49.9603135', '5.93497', '0035226953998');

-- --------------------------------------------------------

--
-- Structure de la table `user`
--

CREATE TABLE `user` (
  `id` int NOT NULL,
  `email` varchar(180) COLLATE utf8mb4_unicode_ci NOT NULL,
  `roles` json NOT NULL,
  `password` varchar(255) COLLATE utf8mb4_unicode_ci NOT NULL,
  `firstname` varchar(100) COLLATE utf8mb4_unicode_ci NOT NULL,
  `lastname` varchar(100) COLLATE utf8mb4_unicode_ci NOT NULL,
  `member_id_number` varchar(8) COLLATE utf8mb4_unicode_ci DEFAULT NULL,
  `phone_number` varchar(17) COLLATE utf8mb4_unicode_ci NOT NULL,
  `newsletter_option` tinyint(1) NOT NULL,
  `membership_paid` tinyint(1) NOT NULL,
  `is_verified` tinyint(1) NOT NULL,
  `association_member` tinyint(1) NOT NULL
) ENGINE=InnoDB DEFAULT CHARSET=utf8mb4 COLLATE=utf8mb4_unicode_ci;

--
-- Déchargement des données de la table `user`
--

INSERT INTO `user` (`id`, `email`, `roles`, `password`, `firstname`, `lastname`, `member_id_number`, `phone_number`, `newsletter_option`, `membership_paid`, `is_verified`, `association_member`) VALUES
(1, 'admin@a.a', '[\"ROLE_ADMIN\"]', '$2y$13$cbZvoEr8sqd8INza95r5h.SsGCTHpVmOWtj8WnNU86DSCHR8gmAvu', 'Antoine', 'Ludwig', '2022/456', '0102030405', 1, 1, 0, 1),
(2, 'contact@lesrituelles.fr', '[\"ROLE_MEMBER\"]', '$2y$13$jGyfbSsCPNKXYhjRXhf1Ee9EvQTYcCBt.Feiewl314LdpR49LY4PG', 'Aline', 'TRAN', '2022/001', '0177165729', 0, 1, 0, 1),
(3, 'lingeriesylvette@hotmail.fr', '[\"ROLE_MEMBER\"]', '$2y$13$CMV6/IaWtinM9GC8mPP74.QMzZzUPEHmizk7xPpMYkFN0dQfEUx3S', 'Nathalie', 'PARADES', '2022/002', '0478502628', 1, 1, 0, 1),
(4, 'lingerie.clairdelune@gmail.com', '[\"ROLE_MEMBER\"]', '$2y$13$umffMGl8it/10BXwGVqe1Ojj88utB.IuRcJO632GlkiyYNA4FNBf2', 'Stéphanie', 'LHERMINIER', '2022/003', '0142644194', 1, 1, 0, 1),
(5, 'contact@pomponettelingerie.fr', '[\"ROLE_MEMBER\"]', '$2y$13$Gz2ykqY7ioOOWf/mdteHr.xNY2IGdj7QU5D.wiw3hBt0..FkianAu', 'Aurélie', 'VIDAL MARKOCKI', '2022/004', '0953110919', 1, 1, 0, 1),
(6, 'annabelle.piquet@gmail.com', '[\"ROLE_MEMBER\"]', '$2y$13$/RMfMZLsnwEDDAfWxW1Iu.r5jP6iHBaMQ8.eBCcqbsttBhegPSsp2', 'Annabelle', 'PIQUET', '2022/006', '0621774173', 1, 1, 0, 1),
(7, 'joliechose21@gmail.com', '[\"ROLE_MEMBER\"]', '$2y$13$eAIlsEnNxCsXAIUmku89seVgJJalnVYlscSsUtQlLudDw6O25h0E.', 'Audrey', 'Marie', '2022/007', '03-80-89-27-03', 0, 1, 0, 1),
(8, 'silhouettetroyes@gmail.com', '[\"ROLE_MEMBER\"]', '$2y$13$DmCRePYSPvgH2chqL1HN5exNMiJX0ABOHmV5dWHR5TK/HeykWSmBS', 'Valérie', 'LE DROUQUET', '2022/008', '03 25 73 23 09', 1, 1, 0, 1),
(9, 'rhita.jerrade@orange.fr', '[\"ROLE_MEMBER\"]', '$2y$13$RCUDLy..8HK/PkuKoh5W0uYeAmVOKq1.ZpeuTZrOTd4hcDQnyG2Eu', 'Melinda', 'Locheron Jerrade Rhita', '2022/009', '03-23-79-08-28', 1, 1, 0, 1),
(10, 'coquelicot.lingerie@gmail.com', '[\"ROLE_MEMBER\"]', '$2y$13$JN.oq.T/dpGQIS2/ZIJc0uwV6DzzL2o8.b7UrakOXP3jdpb3i5i8O', 'Caroline', 'PROVOST', '2022/010', '0494453503', 1, 1, 0, 1),
(11, 'laclefdescharmes@gmail.com', '[\"ROLE_MEMBER\"]', '$2y$13$5B7o.r/5aZX78UTJFek3OuBKbVUGfK5e0GMzVM5VqVDfCkZ9BRlCy', 'Céline', 'MENTING', '2022/011', '05 34 30 14 96', 1, 1, 0, 1),
(12, 'info@novitalingerie.be', '[\"ROLE_MEMBER\"]', '$2y$13$I.igwpb9F53B7mqhz0MimOL1W3siXt.9z789j/vBiLTnBgzvg2KLq', 'Caroline', 'FLAMENT', '2022/180', '00326-51-35-26-44', 1, 1, 0, 1),
(13, 'slimmiliani@yahoo.fr', '[\"ROLE_MEMBER\"]', '$2y$13$o8M9XCxypGJWOsz.NXlZm.zJC4HzxdQ9tUmOlFq9yapgvjHeRr/k2', 'Slim', 'Miliani', '2022/184', '0035226953998', 1, 1, 0, 1);

--
-- Index pour les tables déchargées
--

--
-- Index pour la table `doctrine_migration_versions`
--
ALTER TABLE `doctrine_migration_versions`
  ADD PRIMARY KEY (`version`);

--
-- Index pour la table `dynamic_content`
--
ALTER TABLE `dynamic_content`
  ADD PRIMARY KEY (`id`);

--
-- Index pour la table `future_event`
--
ALTER TABLE `future_event`
  ADD PRIMARY KEY (`id`);

--
-- Index pour la table `messenger_messages`
--
ALTER TABLE `messenger_messages`
  ADD PRIMARY KEY (`id`),
  ADD KEY `IDX_75EA56E0FB7336F0` (`queue_name`),
  ADD KEY `IDX_75EA56E0E3BD61CE` (`available_at`),
  ADD KEY `IDX_75EA56E016BA31DB` (`delivered_at`);

--
-- Index pour la table `partner`
--
ALTER TABLE `partner`
  ADD PRIMARY KEY (`id`);

--
-- Index pour la table `reset_password_request`
--
ALTER TABLE `reset_password_request`
  ADD PRIMARY KEY (`id`),
  ADD KEY `IDX_7CE748AA76ED395` (`user_id`);

--
-- Index pour la table `shop`
--
ALTER TABLE `shop`
  ADD PRIMARY KEY (`id`),
  ADD KEY `IDX_AC6A4CA27E3C61F9` (`owner_id`);

--
-- Index pour la table `user`
--
ALTER TABLE `user`
  ADD PRIMARY KEY (`id`),
  ADD UNIQUE KEY `UNIQ_8D93D649E7927C74` (`email`);

--
-- AUTO_INCREMENT pour les tables déchargées
--

--
-- AUTO_INCREMENT pour la table `dynamic_content`
--
ALTER TABLE `dynamic_content`
  MODIFY `id` int NOT NULL AUTO_INCREMENT, AUTO_INCREMENT=27;

--
-- AUTO_INCREMENT pour la table `future_event`
--
ALTER TABLE `future_event`
  MODIFY `id` int NOT NULL AUTO_INCREMENT, AUTO_INCREMENT=11;

--
-- AUTO_INCREMENT pour la table `messenger_messages`
--
ALTER TABLE `messenger_messages`
  MODIFY `id` bigint NOT NULL AUTO_INCREMENT, AUTO_INCREMENT=12;

--
-- AUTO_INCREMENT pour la table `partner`
--
ALTER TABLE `partner`
  MODIFY `id` int NOT NULL AUTO_INCREMENT, AUTO_INCREMENT=6;

--
-- AUTO_INCREMENT pour la table `reset_password_request`
--
ALTER TABLE `reset_password_request`
  MODIFY `id` int NOT NULL AUTO_INCREMENT;

--
-- AUTO_INCREMENT pour la table `shop`
--
ALTER TABLE `shop`
  MODIFY `id` int NOT NULL AUTO_INCREMENT, AUTO_INCREMENT=14;

--
-- AUTO_INCREMENT pour la table `user`
--
ALTER TABLE `user`
  MODIFY `id` int NOT NULL AUTO_INCREMENT, AUTO_INCREMENT=14;

--
-- Contraintes pour les tables déchargées
--

--
-- Contraintes pour la table `reset_password_request`
--
ALTER TABLE `reset_password_request`
  ADD CONSTRAINT `FK_7CE748AA76ED395` FOREIGN KEY (`user_id`) REFERENCES `user` (`id`);

--
-- Contraintes pour la table `shop`
--
ALTER TABLE `shop`
  ADD CONSTRAINT `FK_AC6A4CA27E3C61F9` FOREIGN KEY (`owner_id`) REFERENCES `user` (`id`);
COMMIT;

/*!40101 SET CHARACTER_SET_CLIENT=@OLD_CHARACTER_SET_CLIENT */;
/*!40101 SET CHARACTER_SET_RESULTS=@OLD_CHARACTER_SET_RESULTS */;
/*!40101 SET COLLATION_CONNECTION=@OLD_COLLATION_CONNECTION */;
